field_id,lat,lon,resistivity_ohm_m,timestamp
F01,51.85013973750655,4.799233516244707,64.53160323155281,2025-06-01
F01,51.84974742261629,4.799510981256274,88.082929555163,2025-06-01
F01,51.84976914215954,4.799519422410845,70.72480855594223,2025-06-01
F01,51.84859004825628,4.800714976561201,98.68726104906155,2025-06-01
F01,51.84985371192438,4.800491716610361,92.57982525562244,2025-06-01
F01,51.8487836590957,4.800550221064928,79.03607914934273,2025-06-01
F01,51.851297236657736,4.800227104571928,87.34761451185152,2025-06-01
F01,51.84882610210387,4.801060548539416,101.63770336984813,2025-06-01
F01,51.84848813245686,4.7994903614885285,86.81285979334473,2025-06-01
F01,51.851179609317995,4.799160680572066,62.295757678858074,2025-06-01
F01,51.852038784241245,4.801140759179376,67.97641975610668,2025-06-08
F01,51.84908864681233,4.802352273644291,93.50237134766293,2025-06-08
F01,51.85140796003402,4.79973583134906,82.58389935050008,2025-06-08
F01,51.84980361129231,4.801692359674903,74.91326074803912,2025-06-08
F01,51.848791300517675,4.801515411880254,81.56510835590751,2025-06-08
F01,51.852067701033185,4.798992731689529,81.4817731172894,2025-06-08
F01,51.848616380522735,4.800011044022135,70.09162450400962,2025-06-08
F01,51.84926854986857,4.797845619202608,87.47138586553007,2025-06-08
F01,51.85107488400964,4.797404605904274,92.59108596400458,2025-06-08
F01,51.85374612268963,4.800069009580104,76.79108591820284,2025-06-08
F01,51.854236495886504,4.798021547252546,85.92085173495279,2025-06-15
F01,51.85026943340895,4.802017721430678,88.63791180101431,2025-06-15
F01,51.84925204915632,4.798573223444418,83.02542543803092,2025-06-15
F01,51.84848960895858,4.8000717379796765,81.24643056111611,2025-06-15
F01,51.84775894331007,4.801882718682562,81.77861981256768,2025-06-15
F01,51.84809779479254,4.799747611298269,86.30697252774128,2025-06-15
F01,51.847380299911634,4.800497471500688,77.38273945047789,2025-06-15
F01,51.85256654321379,4.800785940768115,82.56080007912547,2025-06-15
F01,51.84888224834452,4.799842548438654,90.66232593266632,2025-06-15
F01,51.849961758807126,4.799674261789295,86.22696232654317,2025-06-15
F01,51.849094211603145,4.799485191109735,67.63366048875996,2025-06-22
F01,51.85146058934628,4.800448196670483,78.13235324773255,2025-06-22
F01,51.85284810247204,4.800130524720588,76.03085142419842,2025-06-22
F01,51.85128510613221,4.800597072324764,87.47663988387374,2025-06-22
F01,51.84936136659302,4.800675743585667,82.22593367823124,2025-06-22
F01,51.85083391217747,4.797142583318984,80.84901229616648,2025-06-22
F01,51.852583232646715,4.798849398816899,79.4892936200545,2025-06-22
F01,51.849328057992324,4.798177790796167,66.65375379017398,2025-06-22
F01,51.849654120402214,4.8002037891361224,83.89995945169078,2025-06-22
F01,51.84978268215708,4.800064561306275,92.50273177240611,2025-06-22
F01,51.849714330721106,4.799138876134369,82.7109961208953,2025-06-29
F01,51.85086902013963,4.802118040317815,79.93485008664656,2025-06-29
F01,51.850148400680546,4.800507536162904,77.0193759461694,2025-06-29
F01,51.85003062575082,4.797801489213986,70.80759757008481,2025-06-29
F01,51.85055011961184,4.799424187888004,86.57824326096974,2025-06-29
F01,51.84997315753449,4.798535399927004,84.5979655842853,2025-06-29
F01,51.84815034804248,4.802086458537002,74.11223724112028,2025-06-29
F01,51.849706322093546,4.798436592617929,89.52336938688636,2025-06-29
F01,51.84950285294308,4.799221999920568,91.78561236041243,2025-06-29
F01,51.850044145887516,4.800774966668904,77.10939250786028,2025-06-29
F01,51.84789277458411,4.80016081194306,84.08922915604215,2025-07-06
F01,51.850939652008684,4.799880137321006,88.28060271387704,2025-07-06
F01,51.84756492620509,4.802832655409421,85.32606411974375,2025-07-06
F01,51.85104638045551,4.798745862494671,89.10407921773873,2025-07-06
F01,51.848045732854715,4.80067810175739,83.79220732491333,2025-07-06
F01,51.85004378575591,4.801046961045195,76.77967751023776,2025-07-06
F01,51.84897326240408,4.80068598642163,103.42577179637398,2025-07-06
F01,51.84979287649801,4.800886704176886,85.78422824113215,2025-07-06
F01,51.85291336839214,4.797379167499552,87.39696835735487,2025-07-06
F01,51.84756168394966,4.796240142644195,89.01969642494254,2025-07-06
F01,51.85020924669422,4.7995727445933865,83.15044727968197,2025-07-13
F01,51.85464744915111,4.799612737292953,88.0809948900006,2025-07-13
F01,51.84902595277058,4.800442848862561,82.09413059955506,2025-07-13
F01,51.84938422227591,4.8027283477983005,93.4174797054747,2025-07-13
F01,51.8502051199711,4.796543682096084,81.11192621397944,2025-07-13
F01,51.854054541346606,4.79965400750004,92.82574057642927,2025-07-13
F01,51.85216291360293,4.800328445873784,77.26542694505478,2025-07-13
F01,51.846347031502326,4.801026244812913,77.48195197741161,2025-07-13
F01,51.85026422567783,4.798125269490615,81.87809967623838,2025-07-13
F01,51.850050578582355,4.800402890371566,75.08142250118068,2025-07-13
F01,51.85179536642314,4.799104657822902,71.96424431637404,2025-07-20
F01,51.84983646487006,4.80005156296354,86.64471546537408,2025-07-20
F01,51.85204319860553,4.799645326744896,84.40304300504982,2025-07-20
F01,51.848345223428154,4.801230830254331,86.83447251262483,2025-07-20
F01,51.84936995840906,4.797142987959802,96.9152975604407,2025-07-20
F01,51.848158480053314,4.799113082985945,88.22675608860803,2025-07-20
F01,51.848205163107075,4.79775973533262,68.36841933839469,2025-07-20
F01,51.85108149542936,4.79918222063291,108.77816073978664,2025-07-20
F01,51.84850846740156,4.798617823464856,80.83685623771679,2025-07-20
F01,51.850364701982706,4.799294694991822,90.2586577120201,2025-07-20
F01,51.84853211741502,4.7979276124223045,72.81428208472714,2025-07-27
F01,51.846664638748095,4.799222896470787,84.79215750085423,2025-07-27
F01,51.849052844458775,4.801865108695781,97.02424167686509,2025-07-27
F01,51.849497795518836,4.797309118330212,82.66635913555957,2025-07-27
F01,51.84910026790912,4.799014297556583,81.61824876881404,2025-07-27
F01,51.84901980565641,4.799420187576153,82.11567120947555,2025-07-27
F01,51.85031248376294,4.800540553073857,79.91483930254009,2025-07-27
F01,51.851906597989014,4.798529906547239,74.2575950894773,2025-07-27
F01,51.85057116710705,4.7987738877983785,89.7703317660591,2025-07-27
F01,51.84639449709835,4.802088683912224,92.57834726432321,2025-07-27
F01,51.847749285176256,4.797781834314231,98.41812723278022,2025-08-03
F01,51.848893930144754,4.798748722726901,66.91158324680575,2025-08-03
F01,51.8494738326916,4.799658420577746,90.76394477415589,2025-08-03
F01,51.847901382357726,4.797719569811639,88.64770107821182,2025-08-03
F01,51.85151009510684,4.797643271473323,93.69211269039793,2025-08-03
F01,51.850056312762234,4.801637708008612,84.47823710785907,2025-08-03
F01,51.84621658312377,4.799772048926526,93.52115054937016,2025-08-03
F01,51.84865938097138,4.799418052546638,83.63093197159218,2025-08-03
F01,51.8456507291802,4.802507021363156,77.82899456082261,2025-08-03
F01,51.85075860314871,4.799869948295777,95.10095245087489,2025-08-03
F01,51.850609084183645,4.799647613592718,76.13187925984576,2025-08-10
F01,51.85119677605208,4.797189838044068,88.44712336220714,2025-08-10
F01,51.84835143287267,4.8018784254929345,84.57039634130156,2025-08-10
F01,51.85096618565178,4.800122983220737,69.26098323887203,2025-08-10
F01,51.848708906254906,4.801008584006417,84.61324653887876,2025-08-10
F01,51.85177148485796,4.800604911844555,75.54638487437872,2025-08-10
F01,51.84880590379342,4.800154376085785,64.76764747199915,2025-08-10
F01,51.85251016282844,4.800662620104566,93.09627677639098,2025-08-10
F01,51.84762909408879,4.801866847740532,101.131991288222,2025-08-10
F01,51.848018682466936,4.801157102692356,83.28887955749835,2025-08-10
F01,51.84768334922763,4.800739325957777,90.02882563869879,2025-08-17
F01,51.849098310171,4.801748874780382,70.02589274568642,2025-08-17
F01,51.84775786578032,4.8002048960933825,83.56308222377817,2025-08-17
F01,51.84892513976737,4.801214391653958,87.6071545137276,2025-08-17
F01,51.8512872086064,4.7998152953469715,88.18064214382673,2025-08-17
F01,51.849331524545455,4.8030807280351295,76.85963383902411,2025-08-17
F01,51.85315794614419,4.800052331920634,72.35591288345006,2025-08-17
F01,51.852052119025736,4.800188852082592,90.1689927870419,2025-08-17
F01,51.85183578387782,4.800506933331217,78.62207324149749,2025-08-17
F01,51.85146357006651,4.800001133261182,88.84686254886735,2025-08-17
F01,51.846769404139316,4.800670472575515,82.17131339883976,2025-08-24
F01,51.85247996445577,4.800934631021834,89.19886196679437,2025-08-24
F01,51.850729464990025,4.798502338720684,100.26605352422443,2025-08-24
F01,51.85298705562763,4.800589370265822,100.0032285485891,2025-08-24
F01,51.84914627770199,4.798804329650662,87.60739798983138,2025-08-24
F01,51.850652411557554,4.799409019978135,91.58214552294787,2025-08-24
F01,51.85045958422311,4.798502539837063,91.43034413961377,2025-08-24
F01,51.85129529236379,4.800257203976385,96.50118482609354,2025-08-24
F01,51.84817389430975,4.800701925633198,77.91775434882581,2025-08-24
F01,51.84832887796265,4.799053603749393,79.74351853140604,2025-08-24
F01,51.84917800627189,4.799678774533933,92.69723589065107,2025-08-31
F01,51.84951826144194,4.797621561439845,95.12054277196128,2025-08-31
F01,51.84874436479958,4.799911919359343,89.5722920555257,2025-08-31
F01,51.8502994156276,4.801641269321282,89.83202514714208,2025-08-31
F01,51.84870803563046,4.803267843260987,87.55466770670587,2025-08-31
F01,51.84977898966007,4.801445888134583,87.99560756744057,2025-08-31
F01,51.85059884228941,4.803738275997901,83.79902857395963,2025-08-31
F01,51.84952335865898,4.8001748677680185,94.5721274846483,2025-08-31
F01,51.84774019895472,4.797051666162785,81.30307783503882,2025-08-31
F01,51.847549115561414,4.799362752978712,90.01999756903432,2025-08-31
F01,51.84866387670467,4.797859760134828,84.39469729372279,2025-09-07
F01,51.851293815226924,4.797457539842225,90.40185918644788,2025-09-07
F01,51.85122595930561,4.801431127653235,93.5878417189735,2025-09-07
F01,51.85330302088699,4.799465861927072,84.71657264062287,2025-09-07
F01,51.84937534235013,4.800002965267134,96.1029868450905,2025-09-07
F01,51.847982478274105,4.798708425491752,94.8574474920365,2025-09-07
F01,51.85153005476035,4.799455302529775,90.67521600896576,2025-09-07
F01,51.85051182376374,4.802250411913501,84.43607675061419,2025-09-07
F01,51.85153844817081,4.803963017865739,88.62479324037973,2025-09-07
F01,51.850073992248696,4.801083670477832,80.91775313436892,2025-09-07
F01,51.85358195155829,4.800270106556543,84.21653343819591,2025-09-14
F01,51.84874646649247,4.801645830287409,93.33749930262192,2025-09-14
F01,51.84925396844288,4.8008646770176835,74.33155225429715,2025-09-14
F01,51.85027745586261,4.800679134528115,100.05863847647379,2025-09-14
F01,51.848843771795906,4.798082471056796,79.23657631259967,2025-09-14
F01,51.84799514724953,4.802004986036638,98.7891143601923,2025-09-14
F01,51.85048032486692,4.801831942418527,87.47166704464189,2025-09-14
F01,51.84985733252845,4.799500443571419,83.91687206897949,2025-09-14
F01,51.84767829766554,4.8003963821454105,86.07732871828766,2025-09-14
F01,51.85111804108612,4.800140285244658,85.09837038744728,2025-09-14
F01,51.84869321045499,4.8001082298552324,91.5858978465293,2025-09-21
F01,51.848284991513374,4.8001312106305205,87.54434361223588,2025-09-21
F01,51.848922902824576,4.799118215542638,87.52488679012973,2025-09-21
F01,51.848299868472566,4.800524885572874,78.5171650107264,2025-09-21
F01,51.85159428053955,4.803506741618082,78.79394558638545,2025-09-21
F01,51.85080131179356,4.798909887142677,94.00763339038232,2025-09-21
F01,51.84810211238637,4.800720880137641,78.69608826488519,2025-09-21
F01,51.84968952311635,4.798453462087279,92.25880376716603,2025-09-21
F01,51.84874452946834,4.800827946388997,82.92721577390134,2025-09-21
F01,51.8498282914423,4.8002216338611,79.58540262672922,2025-09-21
F01,51.85031555067031,4.802295501846531,81.61524171333829,2025-09-28
F01,51.85175771521491,4.802247146450232,81.31076008777565,2025-09-28
F01,51.84781741809237,4.800452941350257,83.46073981786502,2025-09-28
F01,51.85280290482875,4.800052211310749,81.42240473571857,2025-09-28
F01,51.848279260733484,4.8016348574386365,83.2705282073265,2025-09-28
F01,51.850065743199195,4.8014337041176685,83.96593318455336,2025-09-28
F01,51.84993110675689,4.799975147385266,93.30659609212874,2025-09-28
F01,51.85088611650327,4.7996698294031175,88.34919249197215,2025-09-28
F01,51.84944233148271,4.797783581389621,89.90080685918504,2025-09-28
F01,51.85283828764125,4.798674421288963,81.65576232317838,2025-09-28
F02,51.89155105119968,4.8582297448109415,87.98788363357153,2025-06-01
F02,51.89261933631852,4.855765828550398,85.1390143331194,2025-06-01
F02,51.89051020966614,4.857357996993143,91.37219508870348,2025-06-01
F02,51.8909803441522,4.854844079727612,97.03550313355888,2025-06-01
F02,51.891939503397886,4.858846778911772,83.16801867841735,2025-06-01
F02,51.892614210631734,4.857800476192102,77.32800914602848,2025-06-01
F02,51.89305588857239,4.8565706230206205,73.83605245275976,2025-06-01
F02,51.893363365969236,4.85674789543254,83.14380137244234,2025-06-01
F02,51.89104190144202,4.859529957694501,91.41371349108894,2025-06-01
F02,51.8943033766834,4.856684690089194,70.56653688397265,2025-06-01
F02,51.89578651893088,4.857051210880848,76.88960163183957,2025-06-08
F02,51.89348234521887,4.858893538324862,82.69559555131626,2025-06-08
F02,51.894775005609056,4.858767357050632,74.26895050078353,2025-06-08
F02,51.891846457698655,4.858579162887777,61.17909948951649,2025-06-08
F02,51.892632959317396,4.85499661034042,79.0675695885318,2025-06-08
F02,51.8924089127236,4.856605490575996,78.46190998309913,2025-06-08
F02,51.8912114273827,4.860580724043085,97.8196960332908,2025-06-08
F02,51.89111404412676,4.859516032269812,79.68427607621717,2025-06-08
F02,51.89305092406715,4.857047946203012,77.60201086996827,2025-06-08
F02,51.89433292137255,4.857331686938722,79.06758861424606,2025-06-08
F02,51.890900258691445,4.855802464622278,72.54895907518323,2025-06-15
F02,51.89287547817977,4.85534785875443,83.55551589985167,2025-06-15
F02,51.89491229563756,4.858941806502239,85.42178484717907,2025-06-15
F02,51.89272651576793,4.859962668966988,89.8460489628697,2025-06-15
F02,51.89236543316733,4.855003829967176,88.83098574531795,2025-06-15
F02,51.89410112851602,4.856195379856087,88.00962204110427,2025-06-15
F02,51.892311782914774,4.8568668085440585,65.77742353950136,2025-06-15
F02,51.892524470751574,4.858596911096469,80.62877955546755,2025-06-15
F02,51.89293593240947,4.856008931082819,88.56353341034219,2025-06-15
F02,51.89253235806084,4.855733994831834,96.34041174132103,2025-06-15
F02,51.894250540877444,4.856235496996964,90.38230647534222,2025-06-22
F02,51.89366326086137,4.8581063089953735,72.84595283203939,2025-06-22
F02,51.89436705266869,4.856288308698468,83.53737653246986,2025-06-22
F02,51.896813965485535,4.857595667213938,83.30942019642261,2025-06-22
F02,51.88954920129801,4.859227503343776,75.63832263353119,2025-06-22
F02,51.891351984501895,4.856645828694225,97.73129433360235,2025-06-22
F02,51.894017002837145,4.8569061008780965,88.86633650911057,2025-06-22
F02,51.89195656431784,4.857352337677205,86.9866939582251,2025-06-22
F02,51.89431029770067,4.858593624326515,90.35181905764516,2025-06-22
F02,51.89231362152083,4.858255590584442,85.66425227037563,2025-06-22
F02,51.89123427130408,4.85653792545499,85.55621587027458,2025-06-29
F02,51.894222466532646,4.856867564884621,75.20641031008314,2025-06-29
F02,51.89294225538209,4.857313041202942,86.36670103122202,2025-06-29
F02,51.89423695013108,4.858671242002992,80.12631302094667,2025-06-29
F02,51.89193292767007,4.855582559076423,90.4705253622438,2025-06-29
F02,51.89503037301965,4.856670234250993,82.94855548220005,2025-06-29
F02,51.895057316692494,4.85790119392268,88.36988563840843,2025-06-29
F02,51.89107076809819,4.858160949246776,77.44690927592193,2025-06-29
F02,51.891156112578244,4.856622699777707,80.19365821241047,2025-06-29
F02,51.89252474331557,4.85498138469107,92.55053045174138,2025-06-29
F02,51.89454867229892,4.854221843431645,93.2676624453324,2025-07-06
F02,51.89164134991241,4.858428320448331,84.89242805866867,2025-07-06
F02,51.892900306203266,4.856865210668725,95.13703363386789,2025-07-06
F02,51.89099776083836,4.858054617650959,94.2506413191164,2025-07-06
F02,51.893931652977955,4.860629905514342,81.2084258982024,2025-07-06
F02,51.89429310009103,4.856983721189844,95.30724861082135,2025-07-06
F02,51.89284560936356,4.856561043470063,95.88857763097303,2025-07-06
F02,51.89211979994862,4.855023768504506,81.30522493460937,2025-07-06
F02,51.89378569227703,4.8592309152702375,86.3290350023721,2025-07-06
F02,51.894834438458,4.855105594760641,81.89389228145677,2025-07-06
F02,51.892424280181416,4.856971018001648,86.03275510600157,2025-07-13
F02,51.893893509293235,4.856475646885601,86.472229495625,2025-07-13
F02,51.89278945852166,4.85575402228702,84.45066648734851,2025-07-13
F02,51.8926416535623,4.856895236295352,85.61407565265161,2025-07-13
F02,51.892970653168064,4.856494414374196,95.54171787177012,2025-07-13
F02,51.891102921913344,4.856061401980152,107.59970899378845,2025-07-13
F02,51.89130015582466,4.855112225130792,91.23581396000974,2025-07-13
F02,51.88974146307648,4.856789946277898,102.5265994006119,2025-07-13
F02,51.890539738973914,4.854169910414249,73.36655038433841,2025-07-13
F02,51.89420468220967,4.858830022222835,81.25928962417193,2025-07-13
F02,51.893881961463144,4.859228240134125,97.8187713154386,2025-07-20
F02,51.892487639935375,4.853690649566352,76.9529686207225,2025-07-20
F02,51.89221693656474,4.8567544489479895,82.01712479193024,2025-07-20
F02,51.894535484754044,4.859054499782888,82.14661076860173,2025-07-20
F02,51.894504870171225,4.857679349192804,84.03604778290057,2025-07-20
F02,51.89421695909281,4.857251235215213,99.9824894167821,2025-07-20
F02,51.89069952610696,4.856370100794218,82.5078488243684,2025-07-20
F02,51.89351632189283,4.859044797873511,83.32481146211074,2025-07-20
F02,51.890723798382886,4.858406627987539,89.55967012913571,2025-07-20
F02,51.88994435486808,4.857137150942351,70.79886535455762,2025-07-20
F02,51.89186016621089,4.855788643752413,92.47411758593589,2025-07-27
F02,51.89303238811841,4.855214470641723,93.04052770365874,2025-07-27
F02,51.890706434121256,4.857638027828563,79.48791464566756,2025-07-27
F02,51.89230862723335,4.8578992632649145,90.17159519247623,2025-07-27
F02,51.89486259646748,4.85701947659335,88.45160690370673,2025-07-27
F02,51.89220053687354,4.857415841966791,89.51588838406809,2025-07-27
F02,51.892709678085964,4.854437231416718,88.65176717064716,2025-07-27
F02,51.89340398507318,4.856122596928335,75.72490371141988,2025-07-27
F02,51.8950709615829,4.857880025409198,84.16735175262632,2025-07-27
F02,51.89115159353243,4.855910134900225,96.42072317428985,2025-07-27
F02,51.89306363576845,4.856316976542356,91.59751384979725,2025-08-03
F02,51.89163554557598,4.859394121688277,98.34240427917379,2025-08-03
F02,51.89215728175034,4.856199851772311,66.57493441046176,2025-08-03
F02,51.890634771699816,4.85513365248042,88.60152272789908,2025-08-03
F02,51.89236779230048,4.855124853911734,85.27068766028354,2025-08-03
F02,51.89361514857862,4.85793461616773,72.32263775312894,2025-08-03
F02,51.89266474763642,4.855067845977399,94.7338295771222,2025-08-03
F02,51.89403336248168,4.85579581630337,81.39163838079679,2025-08-03
F02,51.8921652422814,4.853763667050759,90.20774538752461,2025-08-03
F02,51.892447876037636,4.858598119766708,78.73272625629957,2025-08-03
F02,51.89192845843477,4.8548830692557985,78.92567549204598,2025-08-10
F02,51.89108416986304,4.858636817661126,81.37390520998886,2025-08-10
F02,51.893043406384265,4.856571712037064,76.80427787189751,2025-08-10
F02,51.89260469222239,4.858041512140652,77.2979248596532,2025-08-10
F02,51.894070812043246,4.85586827576064,83.09612859141728,2025-08-10
F02,51.89365316754166,4.856147702907028,87.26059887468693,2025-08-10
F02,51.892385106613965,4.857336909152912,67.91408715581203,2025-08-10
F02,51.89011262013433,4.858066807651927,95.25745124519241,2025-08-10
F02,51.89149141280185,4.8567768146146,89.31775402321843,2025-08-10
F02,51.893896969259636,4.85410134123535,79.871678024173,2025-08-10
F02,51.89235827378737,4.858197567438711,105.66744386977197,2025-08-17
F02,51.89251513426693,4.855032390949701,88.89814461761038,2025-08-17
F02,51.89483863654146,4.857304878324326,78.42681163876567,2025-08-17
F02,51.894294133769364,4.858138175570605,77.47135324643502,2025-08-17
F02,51.893429281283446,4.858638755494345,95.13512034047116,2025-08-17
F02,51.89275746939418,4.856605737973588,95.4981905766501,2025-08-17
F02,51.89104190210267,4.857800726079239,74.71978698108457,2025-08-17
F02,51.89445520726554,4.85675578886944,95.82866588517976,2025-08-17
F02,51.89359426199168,4.855308026797764,97.07702185661796,2025-08-17
F02,51.895184010756786,4.858466286881756,79.58729707971025,2025-08-17
F02,51.89239812192561,4.857360997968965,77.17031680534853,2025-08-24
F02,51.89539566271584,4.857359346850446,61.17321562314114,2025-08-24
F02,51.89336617657628,4.856620621047631,82.20058755105241,2025-08-24
F02,51.892304213808465,4.858353426767767,91.75750222842704,2025-08-24
F02,51.893281722600534,4.85663389036215,82.46930236152663,2025-08-24
F02,51.892886542282014,4.85593921208306,87.43142918856988,2025-08-24
F02,51.89354720634294,4.859453519002522,92.8427982423078,2025-08-24
F02,51.89182863048076,4.85837330470462,75.19237293524422,2025-08-24
F02,51.893901041008554,4.856367935844717,74.61397421299532,2025-08-24
F02,51.89327721087119,4.853131006450625,68.79219540475817,2025-08-24
F02,51.89259090503148,4.857266519792809,84.24544983873449,2025-08-31
F02,51.89048798840907,4.855916019379649,90.32967461789916,2025-08-31
F02,51.89372981551309,4.857118522466463,96.45467024829591,2025-08-31
F02,51.89345323839233,4.856021673661919,84.95598357270707,2025-08-31
F02,51.890752843621335,4.856980648657269,96.09680495377071,2025-08-31
F02,51.893885077984216,4.859245871131735,84.77691804960806,2025-08-31
F02,51.894876292548915,4.856852900803185,98.97268066055915,2025-08-31
F02,51.89282435773598,4.8582037042035635,99.00089891447885,2025-08-31
F02,51.89256700141427,4.857470440624173,97.51090740165043,2025-08-31
F02,51.89265763811125,4.855161518719098,104.34405643667928,2025-08-31
F02,51.89215249616064,4.857380991219263,95.72805335560902,2025-09-07
F02,51.89194440200155,4.855631055273023,88.50989837419867,2025-09-07
F02,51.89016752826028,4.8567109980275545,88.44030931452325,2025-09-07
F02,51.89245221501191,4.854827680728079,99.2334236496321,2025-09-07
F02,51.89301245008807,4.859289585319499,84.39970999855645,2025-09-07
F02,51.89153712488461,4.85754662852324,84.75370298937425,2025-09-07
F02,51.89109050067016,4.859347533531038,81.50183821684803,2025-09-07
F02,51.890096743279955,4.859135106223793,82.44561587349902,2025-09-07
F02,51.89194540701822,4.854494775762312,100.40753189277594,2025-09-07
F02,51.89092292197633,4.857230531363915,93.78096258032353,2025-09-07
F02,51.89348971825665,4.857053375674869,72.30667313370067,2025-09-14
F02,51.8916425556035,4.857424557649921,79.62260744010403,2025-09-14
F02,51.89316218204714,4.858165472256079,93.62002308640082,2025-09-14
F02,51.891017873820424,4.860437826225326,92.05983475643305,2025-09-14
F02,51.89285457162664,4.858777162017471,104.8432621759998,2025-09-14
F02,51.89069906270556,4.85680496317912,66.89254672101337,2025-09-14
F02,51.89314612015612,4.857690948505745,85.60670307645793,2025-09-14
F02,51.89187534250065,4.854068585368574,88.90826946729415,2025-09-14
F02,51.89504029458302,4.8562563294592564,89.44047943218516,2025-09-14
F02,51.89050492638702,4.857828676738396,82.77294161804275,2025-09-14
F02,51.891713515931244,4.856002311681032,80.45110734373591,2025-09-21
F02,51.893430792830685,4.855174612341063,80.42307734745717,2025-09-21
F02,51.892794935190146,4.855494298306059,97.97332161340013,2025-09-21
F02,51.89157689963705,4.856138701772407,75.77353640142002,2025-09-21
F02,51.89555486298785,4.857972214985756,76.10726395005085,2025-09-21
F02,51.894516490195436,4.85744390518429,85.65802736889201,2025-09-21
F02,51.89234042704402,4.856018733162421,86.3021287924368,2025-09-21
F02,51.892039512012154,4.85986799058722,73.44567115805516,2025-09-21
F02,51.895161378016425,4.85697587886966,85.99268587216883,2025-09-21
F02,51.89410687950709,4.85619748320035,90.51398707758909,2025-09-21
F02,51.88879582707408,4.856062872843024,79.40749754127147,2025-09-28
F02,51.89097688383859,4.856820424885738,89.88599974545356,2025-09-28
F02,51.893911132854896,4.857504172278658,81.47445228085162,2025-09-28
F02,51.89341066751388,4.857329285685133,94.28844934348813,2025-09-28
F02,51.89402254791154,4.8571885717637375,79.62197595070994,2025-09-28
F02,51.891877717623395,4.8563181731034,84.27786932866995,2025-09-28
F02,51.89325921849853,4.858215618728049,86.39105045587698,2025-09-28
F02,51.892881330038996,4.857357816600357,82.67275749494128,2025-09-28
F02,51.89146905447068,4.854509700296891,81.23880513538502,2025-09-28
F02,51.893566861037044,4.8560884899857975,84.89754370059248,2025-09-28
F03,51.9364139326454,4.915066748530348,77.84373718267169,2025-06-01
F03,51.937209874748966,4.915976739419748,77.44120114225153,2025-06-01
F03,51.93447853040982,4.916072350310434,85.3051718299576,2025-06-01
F03,51.93238461879311,4.912186192028615,84.48504299862016,2025-06-01
F03,51.933969721738855,4.91366557862976,86.73916970946864,2025-06-01
F03,51.93790766762034,4.913850033411373,95.06033439658208,2025-06-01
F03,51.93785742595734,4.916437178789742,88.75803674708455,2025-06-01
F03,51.932769351992526,4.91497695158382,94.86719910250834,2025-06-01
F03,51.93559268505613,4.916902590090827,93.35866849173966,2025-06-01
F03,51.936566695780016,4.915915285352523,89.14695881008703,2025-06-01
F03,51.93197506996519,4.913537005858509,96.37734421798282,2025-06-08
F03,51.93450289870414,4.913950505527859,78.44130948877543,2025-06-08
F03,51.93839016960709,4.916807952971841,79.72904883887416,2025-06-08
F03,51.93593523271487,4.913264973214068,91.71955711225102,2025-06-08
F03,51.936478810330144,4.915503272643135,89.45534758166309,2025-06-08
F03,51.94011739502387,4.912743828638199,73.11517316450788,2025-06-08
F03,51.93512465041323,4.911933731887374,74.86030183995206,2025-06-08
F03,51.934212313732985,4.912902430927567,79.16305518439951,2025-06-08
F03,51.93649161413995,4.913526430694087,85.36388340102016,2025-06-08
F03,51.93705563487603,4.913136230498543,84.68363281036223,2025-06-08
F03,51.93626292569342,4.911373362584785,67.96075592839534,2025-06-15
F03,51.93623346170748,4.915023735706565,103.55376107881929,2025-06-15
F03,51.93595142802808,4.915515323861602,85.47621885131221,2025-06-15
F03,51.93616012654666,4.916786599548339,70.04805745499492,2025-06-15
F03,51.93633471010064,4.917489094380831,89.29627375367474,2025-06-15
F03,51.93819014515913,4.913341896061421,86.7836200466903,2025-06-15
F03,51.935764572767866,4.910959327666676,77.6945773771984,2025-06-15
F03,51.93406897309521,4.915518813402763,94.01722484547244,2025-06-15
F03,51.93620034037834,4.915521868630998,85.72680469822582,2025-06-15
F03,51.937517183218596,4.914298896949663,87.50291237941406,2025-06-15
F03,51.935315896764386,4.915312390002169,85.2704094670967,2025-06-22
F03,51.93717893278008,4.912587490574641,79.84866996217445,2025-06-22
F03,51.93674542584697,4.91415289796384,85.00886867077497,2025-06-22
F03,51.937049372313,4.913374822164585,87.03838996559705,2025-06-22
F03,51.93781312763939,4.916594427804431,101.21918568216262,2025-06-22
F03,51.93529109704888,4.916131768643191,81.04837737785057,2025-06-22
F03,51.9343539314022,4.910760030506778,102.02294561518823,2025-06-22
F03,51.93441831594067,4.914095915416094,81.35740526457373,2025-06-22
F03,51.93675703358678,4.9137222637946385,78.2014648765364,2025-06-22
F03,51.93637677956056,4.912135119248499,81.94075419747607,2025-06-22
F03,51.93255395204235,4.912149777117418,86.62823335776383,2025-06-29
F03,51.93276748165713,4.912063995698782,85.18104867093754,2025-06-29
F03,51.934898875370145,4.917273769239654,99.871172368195,2025-06-29
F03,51.93441240202016,4.91512142071332,91.19426045503562,2025-06-29
F03,51.934818067427244,4.912042401980967,85.10161240553555,2025-06-29
F03,51.93545501720206,4.9136320675402585,88.73853494531589,2025-06-29
F03,51.934588191303774,4.912557717964346,86.07266376279865,2025-06-29
F03,51.93629324085314,4.912520746869864,92.62472488792865,2025-06-29
F03,51.93305856400762,4.913418544097641,83.13593171041913,2025-06-29
F03,51.934759950145306,4.9134381235753875,100.16859585846491,2025-06-29
F03,51.93443795958073,4.9179475468694225,89.33701423784842,2025-07-06
F03,51.93585236842025,4.915000074815796,106.07942199401562,2025-07-06
F03,51.93422389620839,4.91260508740731,79.80107042742463,2025-07-06
F03,51.93576250043473,4.911697057598496,86.01871391454887,2025-07-06
F03,51.938254606414404,4.914512825371652,83.4985163281978,2025-07-06
F03,51.934787045041254,4.915633481842542,79.23333781409562,2025-07-06
F03,51.93848387959518,4.917185753907286,87.8940063892943,2025-07-06
F03,51.93569701308217,4.915831703998077,94.5983880178186,2025-07-06
F03,51.93450529811769,4.91349588158601,75.26122052253363,2025-07-06
F03,51.936327883121784,4.9152856561109,75.04059489710983,2025-07-06
F03,51.93503148735706,4.912264833409343,79.12960151804931,2025-07-13
F03,51.936540811304624,4.913185491185697,83.91339235174162,2025-07-13
F03,51.93327331812236,4.914566199600301,85.96581344124282,2025-07-13
F03,51.93462084683923,4.914002192839191,87.76235904402756,2025-07-13
F03,51.93449198349092,4.912071320469712,100.76459546149454,2025-07-13
F03,51.93476437665722,4.9141405741309345,94.40671788016252,2025-07-13
F03,51.94100786849564,4.9124189846108814,89.91861770981208,2025-07-13
F03,51.93465295728634,4.9134775288288495,80.5583038319457,2025-07-13
F03,51.934025803262585,4.914223777243038,74.52397850361412,2025-07-13
F03,51.93713449706405,4.914368218689765,89.69947978321153,2025-07-13
F03,51.93501500279636,4.913734908384397,87.74051124133862,2025-07-20
F03,51.93396820976567,4.913748728634094,78.56309188897237,2025-07-20
F03,51.9343784324984,4.911120956924776,96.15461271583999,2025-07-20
F03,51.934684477584554,4.91603077836846,93.99033857115434,2025-07-20
F03,51.93378528615451,4.912653097432205,105.92402367484547,2025-07-20
F03,51.93834067462718,4.914238436515722,87.49898485133879,2025-07-20
F03,51.934768016109864,4.914934243357015,79.70254479422023,2025-07-20
F03,51.93266575506784,4.912303380605948,85.6087419828047,2025-07-20
F03,51.93401768486103,4.914184798088344,76.8427116845371,2025-07-20
F03,51.93454075483053,4.915565462245334,87.41984438112084,2025-07-20
F03,51.935699789082314,4.91560416024532,89.36486874677877,2025-07-27
F03,51.93788413065116,4.913595925392242,82.08292017177993,2025-07-27
F03,51.933762621814694,4.913642243209656,93.23815915441956,2025-07-27
F03,51.93766426677268,4.915726172037845,71.1664650676045,2025-07-27
F03,51.937339003533275,4.911527936350806,92.70493859297878,2025-07-27
F03,51.93516260892443,4.915339514256615,74.86041321684347,2025-07-27
F03,51.93747103716334,4.912088252166558,80.17236071317457,2025-07-27
F03,51.93421714377263,4.911654287006481,86.27622054070774,2025-07-27
F03,51.938423419391036,4.918286072119194,86.29724629668998,2025-07-27
F03,51.93738930762689,4.914633856242608,89.5110655581457,2025-07-27
F03,51.93520106273759,4.914578329673849,89.49982963685143,2025-08-03
F03,51.93484659612097,4.914169472835875,84.7325590480201,2025-08-03
F03,51.936953890690276,4.912686666028273,84.78766233113879,2025-08-03
F03,51.93858229391786,4.916031804514594,95.99343239110965,2025-08-03
F03,51.93575093347455,4.914767210631243,93.2178893336234,2025-08-03
F03,51.93805466900858,4.91135830991639,74.67646954360124,2025-08-03
F03,51.93767845186639,4.913870380252061,79.82623368593538,2025-08-03
F03,51.933833044233786,4.913453189233398,73.9810457326094,2025-08-03
F03,51.93885092712338,4.914252060207744,84.73639566589826,2025-08-03
F03,51.93659640072703,4.915729232039615,92.76710525243712,2025-08-03
F03,51.937324718630144,4.9133394459595285,82.65706556034512,2025-08-10
F03,51.93686783319745,4.913494630693255,84.99914694378221,2025-08-10
F03,51.93631243136092,4.91546349190918,70.8185523010384,2025-08-10
F03,51.936786404189114,4.913935128198937,90.69966168691505,2025-08-10
F03,51.93687968325282,4.916697586877393,95.86762918096963,2025-08-10
F03,51.937734143208196,4.916451219764464,87.37103187852757,2025-08-10
F03,51.93576256334484,4.915594939910482,90.89664761146419,2025-08-10
F03,51.935250686359176,4.914892949398927,84.75922826572325,2025-08-10
F03,51.93443338635159,4.9162214053977795,85.48159394024071,2025-08-10
F03,51.93878734810083,4.911847475880415,80.58576981725308,2025-08-10
F03,51.93576324396932,4.915991785932158,88.79575498081748,2025-08-17
F03,51.93617999484555,4.912594818596883,76.34446882216423,2025-08-17
F03,51.93619804270472,4.912239555294987,81.34497799768536,2025-08-17
F03,51.93646566170791,4.912812227877299,98.44284769889444,2025-08-17
F03,51.93755019023064,4.911928584288207,78.1410300545441,2025-08-17
F03,51.93228561984754,4.9131118272418925,91.73110781257918,2025-08-17
F03,51.93509344330087,4.914976910151139,73.42132545374604,2025-08-17
F03,51.936911248596154,4.913453050443822,85.69735745826324,2025-08-17
F03,51.9355749739622,4.912378391504376,76.37532534608174,2025-08-17
F03,51.93716597741779,4.914884202521967,94.00039233242741,2025-08-17
F03,51.93620127306754,4.914500200237929,72.03191505066587,2025-08-24
F03,51.93530873566914,4.914244637805109,101.4648575861806,2025-08-24
F03,51.93674472066243,4.916589806058279,90.62030164715783,2025-08-24
F03,51.93464733087386,4.914461400609939,87.72978917011386,2025-08-24
F03,51.934305552359625,4.913709133220825,84.19386405058263,2025-08-24
F03,51.93812271546313,4.911164603497628,95.48654736572834,2025-08-24
F03,51.934309092861845,4.9122275955048105,95.27953704030772,2025-08-24
F03,51.93681213281813,4.916167492339286,92.24561558036461,2025-08-24
F03,51.93880405321689,4.9151238000411315,84.58818099101474,2025-08-24
F03,51.93622867528026,4.916150917978234,79.60499739791906,2025-08-24
F03,51.93473645284049,4.913822274263818,69.80333760987735,2025-08-31
F03,51.93592140332691,4.9114565212297885,87.06447450346096,2025-08-31
F03,51.937012220348485,4.913570399594748,100.05692696149497,2025-08-31
F03,51.93352353436516,4.9160726053081625,92.04109645125537,2025-08-31
F03,51.93314023584182,4.9183519057342755,86.13003771596827,2025-08-31
F03,51.93439805968105,4.912175083493539,84.87985577872261,2025-08-31
F03,51.9355231754057,4.914439682578524,84.25763075020832,2025-08-31
F03,51.936664123679456,4.91370426953672,71.16028706207624,2025-08-31
F03,51.93549024347081,4.910734497805655,89.47016504713112,2025-08-31
F03,51.93424533536886,4.914530754818088,97.15259985219683,2025-08-31
F03,51.93429116267138,4.915877598673482,82.61288346651077,2025-09-07
F03,51.93834407791738,4.913737985365917,79.35605611594647,2025-09-07
F03,51.93674514338988,4.913632029691279,79.34840388696793,2025-09-07
F03,51.93499752593823,4.91421880448744,96.81744104995883,2025-09-07
F03,51.932813154096095,4.91432033527414,91.07922875723234,2025-09-07
F03,51.93600445857677,4.9162505120398645,85.48523736193181,2025-09-07
F03,51.93543745855101,4.915174208606235,86.8745105196108,2025-09-07
F03,51.935128672606865,4.915059930345095,80.85977365426683,2025-09-07
F03,51.934797519986255,4.913493723253066,96.90455328133126,2025-09-07
F03,51.93088276118031,4.914879112537859,86.35417451360178,2025-09-07
F03,51.933192980025424,4.914750304454419,89.40601593465225,2025-09-14
F03,51.93659874456132,4.910307972191148,96.5311152948355,2025-09-14
F03,51.93460768065726,4.9153155659058445,91.52859024545828,2025-09-14
F03,51.93439924008585,4.915276404214242,82.51605407270112,2025-09-14
F03,51.932607219945275,4.916037327174006,79.39964029587007,2025-09-14
F03,51.934432545520174,4.9136811154836595,87.7778938026191,2025-09-14
F03,51.93562838009805,4.915107814672775,74.88408506777073,2025-09-14
F03,51.93460070615864,4.9141117186772325,100.78309834126964,2025-09-14
F03,51.93554356690666,4.915913547681207,85.90844135027453,2025-09-14
F03,51.93498879775813,4.913915627649543,84.25264230376895,2025-09-14
F03,51.93661975432273,4.9163476311870795,88.47744678149056,2025-09-21
F03,51.937494902232395,4.91283852967927,82.28295592948776,2025-09-21
F03,51.93462783191297,4.914757381172027,82.72833291856469,2025-09-21
F03,51.936808945119836,4.912889211718266,85.94424778657024,2025-09-21
F03,51.9367445725808,4.911187760123154,102.57305045864162,2025-09-21
F03,51.93528955788696,4.9112481544152,86.86475118861428,2025-09-21
F03,51.935764450916245,4.914162872716356,93.52952890341332,2025-09-21
F03,51.936835453171426,4.914732528572251,89.20124507157317,2025-09-21
F03,51.935557748040125,4.916948950559575,73.76643185313786,2025-09-21
F03,51.93592376322561,4.914383251232498,92.10624324851673,2025-09-21
F03,51.93444850489814,4.91167020538212,88.85458412878555,2025-09-28
F03,51.93613613145261,4.916520113399886,77.4371036293993,2025-09-28
F03,51.93744632636436,4.917836835831755,84.57788089982017,2025-09-28
F03,51.93377787238504,4.913675252736154,87.71203973897104,2025-09-28
F03,51.93655996752679,4.913398622190957,100.04158827317873,2025-09-28
F03,51.93404248724177,4.911676906557456,96.45368339429854,2025-09-28
F03,51.932302354167476,4.913979519632406,112.54144903366438,2025-09-28
F03,51.93569622038484,4.91260456280967,87.14082028970564,2025-09-28
F03,51.935638084531355,4.9145266891962445,92.89810385727695,2025-09-28
F03,51.93415561896173,4.9168170363685695,89.56091427498093,2025-09-28
F04,51.97966161964103,4.970486347328938,98.21105709596426,2025-06-01
F04,51.97818584995821,4.971844900198811,80.45515138250313,2025-06-01
F04,51.97707603113182,4.972460879388251,84.37114535834091,2025-06-01
F04,51.97729069394017,4.970463796415531,93.51162457373937,2025-06-01
F04,51.977627871779625,4.971252089031168,88.04022200229677,2025-06-01
F04,51.97569540524241,4.969221881820511,90.6102231139805,2025-06-01
F04,51.9774658845297,4.973013658795492,95.65445683400435,2025-06-01
F04,51.97965018157096,4.97415822910954,87.25528537805454,2025-06-01
F04,51.97954475146028,4.970551969963678,107.53895930294979,2025-06-01
F04,51.98154687905008,4.971446392080348,91.01268983924155,2025-06-01
F04,51.980610374970475,4.97120786217135,79.06700743360236,2025-06-08
F04,51.97988241319794,4.971546230297697,85.78395559716208,2025-06-08
F04,51.97732002155683,4.968852063206026,86.2091392790328,2025-06-08
F04,51.97992887163367,4.971089861304957,95.81143615647093,2025-06-08
F04,51.977515554083304,4.969846514746123,83.78215754243094,2025-06-08
F04,51.9784475397084,4.972583524525574,78.12029740748811,2025-06-08
F04,51.98062356992665,4.974378946872334,84.00684778425325,2025-06-08
F04,51.9804459942017,4.969843825822633,92.92177232945532,2025-06-08
F04,51.98014234318427,4.972723727348856,84.19549528903764,2025-06-08
F04,51.974140055159566,4.970465980713094,79.31267185852317,2025-06-08
F04,51.977104046164335,4.9716119359353925,82.32829243583014,2025-06-15
F04,51.97733451055678,4.9698403712062,79.95589611611818,2025-06-15
F04,51.9802536773892,4.97043703384663,81.56049034853383,2025-06-15
F04,51.977886382148895,4.971937061699285,89.32999590822827,2025-06-15
F04,51.97400444376256,4.9729610242493125,97.17094427395004,2025-06-15
F04,51.97699614876539,4.9699701240614695,82.07797289777383,2025-06-15
F04,51.977437422542245,4.971764461739491,70.10779770912909,2025-06-15
F04,51.976894537159374,4.973737367228834,78.25424026121587,2025-06-15
F04,51.98043657098858,4.971961578721957,71.20585828329394,2025-06-15
F04,51.97952442236425,4.971252070475282,82.03626355000208,2025-06-15
F04,51.97893886421119,4.972140521656922,90.94073457579695,2025-06-22
F04,51.98033880784275,4.972040775297739,74.27492728970911,2025-06-22
F04,51.97786096038495,4.975843143931474,91.07592848305381,2025-06-22
F04,51.98212535952265,4.973521722551871,87.21441657244598,2025-06-22
F04,51.9790235391761,4.971373701368757,71.377563073228,2025-06-22
F04,51.97859849945013,4.973244583257385,80.48288004143038,2025-06-22
F04,51.97918935807002,4.9727059579974116,78.0025564855002,2025-06-22
F04,51.97789447427491,4.969901704192856,78.70267514648475,2025-06-22
F04,51.976640020645945,4.970077898736505,96.63564544638271,2025-06-22
F04,51.97719821302779,4.971618260257163,81.25704997063235,2025-06-22
F04,51.98033972747698,4.973395314873477,92.27255985711157,2025-06-29
F04,51.979030630401084,4.9710819821233105,75.82500236647,2025-06-29
F04,51.98148672189311,4.970289061901942,90.66917077626273,2025-06-29
F04,51.98016077693036,4.970595650683213,93.6641002185277,2025-06-29
F04,51.97971774837644,4.9740205171816445,81.60522826858632,2025-06-29
F04,51.976642632545506,4.970670336795405,87.03082834027465,2025-06-29
F04,51.97865874766205,4.9708384145841595,70.08642032818206,2025-06-29
F04,51.979277153065624,4.9743870881471945,89.07400990498402,2025-06-29
F04,51.979485131850005,4.972287239387804,88.5363733590592,2025-06-29
F04,51.97996892752173,4.97202163195035,82.8585826427738,2025-06-29
F04,51.977377445206415,4.971055110945651,87.07303597160534,2025-07-06
F04,51.97809730412974,4.971900079453269,88.07320106960334,2025-07-06
F04,51.97982119771833,4.97335276388183,85.18405934783087,2025-07-06
F04,51.97660976372371,4.970910915283342,84.9125005392528,2025-07-06
F04,51.975817775437164,4.973511568208726,85.69902330008374,2025-07-06
F04,51.9791434578233,4.973476861122361,79.51885735886123,2025-07-06
F04,51.979432491467755,4.971263775243918,83.08730506387265,2025-07-06
F04,51.97741313998972,4.973926976249102,81.55599967939544,2025-07-06
F04,51.979620624941774,4.9686160603473635,93.9999082375183,2025-07-06
F04,51.98014974530536,4.971574722594018,82.74446027089661,2025-07-06
F04,51.979171428579846,4.974861757419892,72.13410640877211,2025-07-13
F04,51.979744469652786,4.9700611454753405,86.08065282960214,2025-07-13
F04,51.978199608392806,4.970786094041875,86.15627896757816,2025-07-13
F04,51.97687017185351,4.972972342082763,71.8868519104112,2025-07-13
F04,51.97938107534067,4.97093876764977,76.87260084954036,2025-07-13
F04,51.97887500362732,4.969093144798512,86.55771057375708,2025-07-13
F04,51.97643711320971,4.972120479555048,78.84514133095699,2025-07-13
F04,51.977894937545884,4.971869495510486,80.0596631052621,2025-07-13
F04,51.97848448257192,4.969157825676704,91.28700482876924,2025-07-13
F04,51.98121879927975,4.975616884730436,86.9693451733315,2025-07-13
F04,51.979753734782626,4.9687576329192105,95.46187461044471,2025-07-20
F04,51.979735771328514,4.970702671261145,93.33744640231207,2025-07-20
F04,51.97818971445646,4.97074153365405,87.24267940341993,2025-07-20
F04,51.976976396821684,4.972961008575171,74.99208150458526,2025-07-20
F04,51.97699634638669,4.970064036745959,89.51600030012898,2025-07-20
F04,51.977646265529145,4.969406577752021,78.59456000051361,2025-07-20
F04,51.978523365015405,4.969657112703075,74.22655112772524,2025-07-20
F04,51.981738373072574,4.970137723322851,80.85566104981595,2025-07-20
F04,51.97802057307023,4.970796536216916,88.41077391975281,2025-07-20
F04,51.97999364299714,4.970969639781274,73.54817370726121,2025-07-20
F04,51.9804830889132,4.971285559791776,99.68257451885735,2025-07-27
F04,51.97520304972508,4.971721676260496,101.18885067100966,2025-07-27
F04,51.97804153236827,4.97109033129357,88.20409353272271,2025-07-27
F04,51.9777332348431,4.970960463530492,83.13747924646879,2025-07-27
F04,51.97763029746979,4.973271856253873,89.52862425837148,2025-07-27
F04,51.978947370919585,4.972641427938907,83.72515333437227,2025-07-27
F04,51.9774101228439,4.97052463497165,85.85426432883688,2025-07-27
F04,51.97698261100887,4.970678179903691,81.71106686502853,2025-07-27
F04,51.98175826291617,4.967267849018671,84.40304222875494,2025-07-27
F04,51.98115996926065,4.97161133812477,91.86733978736875,2025-07-27
F04,51.978721168044075,4.970427571356747,68.86467252392869,2025-08-03
F04,51.978879612101984,4.9702651615216675,80.39731675067756,2025-08-03
F04,51.97782294768746,4.974045863538507,106.03870033803179,2025-08-03
F04,51.97889724047772,4.970731420592704,77.38218866039031,2025-08-03
F04,51.979274238813744,4.974102929828669,84.82127690379875,2025-08-03
F04,51.9750029345103,4.972433645936295,94.6831976916004,2025-08-03
F04,51.97619266011085,4.971693297704066,90.40980812908879,2025-08-03
F04,51.97846176761841,4.970242415049944,94.92749778850845,2025-08-03
F04,51.97796635895247,4.969200792184521,70.40420411464255,2025-08-03
F04,51.980462702851426,4.972353567393278,87.50378837703335,2025-08-03
F04,51.977911016616154,4.970635073807267,76.59410681246712,2025-08-10
F04,51.97792424510459,4.968248440605891,79.31149077225189,2025-08-10
F04,51.9781050222969,4.972343391499357,84.88058829301309,2025-08-10
F04,51.97976381324224,4.973452274086242,93.66536075059281,2025-08-10
F04,51.9792771933425,4.971446365447343,77.35369593269152,2025-08-10
F04,51.9796813446485,4.973948192501904,87.93684831720334,2025-08-10
F04,51.98144731729407,4.9691402138664795,75.96669292176367,2025-08-10
F04,51.97985423083305,4.971825006743801,95.71025741257446,2025-08-10
F04,51.97854822111034,4.970126608294779,83.49125406235966,2025-08-10
F04,51.976272402615045,4.969735685418926,92.97955198334408,2025-08-10
F04,51.97988060969313,4.971973077855781,69.03137983231625,2025-08-17
F04,51.97803382320816,4.969591071595581,92.21226603030212,2025-08-17
F04,51.97769584537108,4.9697999498623995,83.0383693209714,2025-08-17
F04,51.97761119688617,4.973654187293877,76.92151281972647,2025-08-17
F04,51.97647258618259,4.968199201154936,82.55370798069268,2025-08-17
F04,51.977728533400644,4.969285214518804,92.31381169004628,2025-08-17
F04,51.979572296292574,4.971386244610166,93.71460995336693,2025-08-17
F04,51.979565232621525,4.970194287576294,74.48623868807387,2025-08-17
F04,51.97979840088811,4.972023121863272,84.1579821437653,2025-08-17
F04,51.977301681867125,4.97234049277908,76.7560089349284,2025-08-17
F04,51.97841844858954,4.973598987648152,79.27332611351883,2025-08-24
F04,51.976211944685815,4.969849750640766,92.51439061350099,2025-08-24
F04,51.9789535252775,4.971235255360538,80.48724955750745,2025-08-24
F04,51.97929946843276,4.970154914152086,87.00532454914077,2025-08-24
F04,51.977474546718206,4.970082082350659,79.46010052139991,2025-08-24
F04,51.9780083174017,4.971355326674671,86.44364636088892,2025-08-24
F04,51.973038880634284,4.970217095591951,81.4274401811517,2025-08-24
F04,51.98082902162934,4.969808567515998,85.8623729447993,2025-08-24
F04,51.98081397403603,4.969459118633651,87.71180180691522,2025-08-24
F04,51.97736802082053,4.970671620815137,78.13511332837349,2025-08-24
F04,51.97747364260881,4.975511439650432,94.03564697657333,2025-08-31
F04,51.98022403536411,4.972166561658827,74.42994569278434,2025-08-31
F04,51.979163865526914,4.973037965850333,80.45280420768711,2025-08-31
F04,51.98001941857217,4.972485075743353,102.09632035850936,2025-08-31
F04,51.97794475405266,4.9697821549551575,84.38697512501963,2025-08-31
F04,51.98072478506117,4.968685962607308,70.73299427655175,2025-08-31
F04,51.97870552148982,4.97076468748941,87.34182314540548,2025-08-31
F04,51.979989396228284,4.970599717409393,72.29595335255503,2025-08-31
F04,51.98163815090723,4.969932728997414,78.80770302390322,2025-08-31
F04,51.98022700859201,4.970851837747009,86.77288118372151,2025-08-31
F04,51.97929561375752,4.973053946083237,82.45231445454583,2025-09-07
F04,51.9808513565803,4.968224871655469,91.19829789562462,2025-09-07
F04,51.9773121372344,4.973486978403484,86.25635583064437,2025-09-07
F04,51.97756207057341,4.972422833068104,92.26550677765802,2025-09-07
F04,51.97953426975572,4.969884027069122,81.24786301102333,2025-09-07
F04,51.97856531931575,4.971366681949596,91.11796380350678,2025-09-07
F04,51.975549076722665,4.971930062010402,82.80014916450689,2025-09-07
F04,51.977313677646855,4.970314841261917,83.40369868385629,2025-09-07
F04,51.97316980091474,4.970376637072384,78.11348140282966,2025-09-07
F04,51.97937060338541,4.9702202814048055,83.39908959863608,2025-09-07
F04,51.98088484351292,4.972920098708295,91.69817119954763,2025-09-14
F04,51.97782161992581,4.972243119847506,82.60881759637125,2025-09-14
F04,51.978277288755415,4.972043099444192,79.70405129263254,2025-09-14
F04,51.98081093322809,4.971188376219175,89.42688453007733,2025-09-14
F04,51.98075482929031,4.972976052090434,73.2086471784758,2025-09-14
F04,51.97923877241394,4.972704650520263,91.614904177286,2025-09-14
F04,51.97690148632026,4.970443018573046,92.43646588593298,2025-09-14
F04,51.9774287880154,4.970979027343575,97.08700647601576,2025-09-14
F04,51.97849972969585,4.970338410221821,77.45906114509677,2025-09-14
F04,51.97907050756581,4.969428849415856,82.50131228882866,2025-09-14
F04,51.979071274373915,4.973377296159393,90.54038464295996,2025-09-21
F04,51.97750033089446,4.973196200404917,82.80387969962018,2025-09-21
F04,51.97671787403836,4.971170509389673,96.70535360916561,2025-09-21
F04,51.97881928864653,4.971447354225067,98.29769315762283,2025-09-21
F04,51.97642439630085,4.969500172757493,72.27322823226535,2025-09-21
F04,51.97913040085115,4.971678311119244,97.54189093823821,2025-09-21
F04,51.97893664118713,4.970822335689353,85.21435898302487,2025-09-21
F04,51.978747989699116,4.968920929518579,106.88265315467915,2025-09-21
F04,51.979351235098584,4.971743583890605,90.12131187422864,2025-09-21
F04,51.979635545042306,4.971217741200318,80.1500709100744,2025-09-21
F04,51.97947060460091,4.972007137689369,80.08087920728474,2025-09-28
F04,51.98069998198848,4.971868599483056,92.39855489814104,2025-09-28
F04,51.98065930990295,4.971461404660319,89.09561605587292,2025-09-28
F04,51.979786469429186,4.970341279802872,86.99241330276801,2025-09-28
F04,51.978759751451406,4.969994483601046,105.10109430939103,2025-09-28
F04,51.97646048840619,4.969481415573041,97.07381260562863,2025-09-28
F04,51.979641327947625,4.9698896242023505,91.41831212081354,2025-09-28
F04,51.98077320423892,4.971383176842176,107.35058320059666,2025-09-28
F04,51.97598533585513,4.97246930660936,95.89222668976802,2025-09-28
F04,51.979908444423835,4.971122037838603,84.23646814391081,2025-09-28
F05,52.0220947891852,5.0297950603014066,89.29978749025891,2025-06-01
F05,52.022988658264765,5.027043123635829,82.65783216701092,2025-06-01
F05,52.020018547530384,5.027992259407299,92.60176713451445,2025-06-01
F05,52.02159054730966,5.032481717316153,86.02725093751773,2025-06-01
F05,52.02151810924944,5.028730702950589,79.37753045712051,2025-06-01
F05,52.02134181651,5.030263110612096,85.39176534502218,2025-06-01
F05,52.02023838183375,5.02718380164071,80.87838486667326,2025-06-01
F05,52.021539366580186,5.030361808374643,73.75609086906852,2025-06-01
F05,52.02094883201174,5.028787893600581,69.81035385896453,2025-06-01
F05,52.02017817400412,5.027551595761824,78.11223700919602,2025-06-01
F05,52.021716405746105,5.028330589157176,79.47771117919172,2025-06-08
F05,52.0220705153684,5.031156040647898,97.03405213393401,2025-06-08
F05,52.01854441377048,5.029437036847181,82.49581367948929,2025-06-08
F05,52.02166130444287,5.0279740040211145,84.86070903909761,2025-06-08
F05,52.02165568252268,5.027703000935405,76.74905961739856,2025-06-08
F05,52.02075552790464,5.028922817468113,88.71197073347412,2025-06-08
F05,52.02270859489458,5.0278301435368284,86.1907565384219,2025-06-08
F05,52.022872325316506,5.030319820914145,83.44933716694783,2025-06-08
F05,52.02109717384116,5.028858114922183,74.72234021682075,2025-06-08
F05,52.02113815716202,5.029688308169138,89.05557703554962,2025-06-08
F05,52.021023170022026,5.028898005873059,77.08279727767449,2025-06-15
F05,52.02248380965091,5.028454696417223,81.4723883864309,2025-06-15
F05,52.02088598567443,5.028477087771079,80.09697884054432,2025-06-15
F05,52.022415785982574,5.027978503249404,96.42371276821905,2025-06-15
F05,52.023626387183796,5.027234113336647,84.23763415543424,2025-06-15
F05,52.02045258649657,5.028081457226645,99.69941974115837,2025-06-15
F05,52.0209672143029,5.029111767627045,88.01057035206622,2025-06-15
F05,52.019927627369846,5.027288785359815,74.03182102873504,2025-06-15
F05,52.02009961532772,5.024296383407453,88.03665920634901,2025-06-15
F05,52.024509862190456,5.028793159679983,72.34984912527513,2025-06-15
F05,52.020464406854224,5.027883113303891,75.139321782293,2025-06-22
F05,52.022718845386166,5.029786818637992,74.03638564945872,2025-06-22
F05,52.02251619299524,5.030861647566795,98.50046564183648,2025-06-22
F05,52.0257263894632,5.027218439597264,105.87376341116163,2025-06-22
F05,52.02089726184581,5.027682730388357,85.89657899902276,2025-06-22
F05,52.02055547942743,5.029169994782398,72.7193824981016,2025-06-22
F05,52.02107044252548,5.030499801922971,82.82350966855076,2025-06-22
F05,52.02164096510868,5.029284316478504,92.64529303454128,2025-06-22
F05,52.01894573436029,5.029448214649185,81.1348868860659,2025-06-22
F05,52.02167852827154,5.030161353826072,73.72650678870525,2025-06-22
F05,52.019909604766404,5.025668283631858,79.36672846588979,2025-06-29
F05,52.02342421994514,5.028390547788718,73.03900083476172,2025-06-29
F05,52.02070005331171,5.026339636016193,74.75851118615071,2025-06-29
F05,52.022011799793965,5.02681061858197,92.66107444162643,2025-06-29
F05,52.021321890992326,5.028699820627345,81.53301625913686,2025-06-29
F05,52.022587843186386,5.029746168403094,86.44043481529738,2025-06-29
F05,52.022275755087435,5.028253294066547,88.09762405527239,2025-06-29
F05,52.02092175476536,5.028574776004672,81.56285000506962,2025-06-29
F05,52.02074274361959,5.0275377608748455,87.50152083087109,2025-06-29
F05,52.023394480297796,5.030328081528933,73.70747731243652,2025-06-29
F05,52.023362376005686,5.028094190819002,92.64586412116473,2025-07-06
F05,52.0200692484305,5.028784398442239,90.34978546317527,2025-07-06
F05,52.01920166424069,5.029483829320945,98.60748006270653,2025-07-06
F05,52.02116659951005,5.03061168076767,86.32245205238074,2025-07-06
F05,52.022702948225145,5.025243573622502,107.19022223450771,2025-07-06
F05,52.02367175879644,5.028144490315048,72.06328778684946,2025-07-06
F05,52.02186061398103,5.026405540250818,91.39882830045991,2025-07-06
F05,52.02204592000732,5.0271593238179255,96.80773618891503,2025-07-06
F05,52.02263693348278,5.030035163577361,87.91086162935116,2025-07-06
F05,52.0193052853282,5.030038236979745,85.67702880691367,2025-07-06
F05,52.01934390121378,5.03059948762039,101.91526016402008,2025-07-13
F05,52.0213666992351,5.031810110303334,85.8505178288908,2025-07-13
F05,52.020857887572326,5.027625740890151,98.21665926394195,2025-07-13
F05,52.020258355606494,5.029674332536391,80.64668931952633,2025-07-13
F05,52.02073811128471,5.030116803112382,82.07970522968517,2025-07-13
F05,52.02082137835944,5.030270635617191,97.899178345773,2025-07-13
F05,52.0223956061335,5.027589273907992,81.03513200561937,2025-07-13
F05,52.02154844432418,5.029052823664317,77.21707271888182,2025-07-13
F05,52.02251312833794,5.028699698565888,71.39433345089498,2025-07-13
F05,52.020035181704884,5.027815235560951,84.53713848927157,2025-07-13
F05,52.024262489621826,5.028928685530638,78.873824880811,2025-07-20
F05,52.02175951763503,5.028043296950248,88.19806591626833,2025-07-20
F05,52.02229942295912,5.030385274542264,85.40570803463979,2025-07-20
F05,52.02388701221997,5.029933462565233,79.9404836415025,2025-07-20
F05,52.024743354927196,5.029061920341333,78.91900396822211,2025-07-20
F05,52.02390794100542,5.031688094949226,85.33579789024351,2025-07-20
F05,52.02067309603801,5.028312866135248,91.3178538201416,2025-07-20
F05,52.02334535641112,5.029427159567724,86.41378566777415,2025-07-20
F05,52.02367558908403,5.028102173861851,93.84735470693525,2025-07-20
F05,52.020996477231044,5.029217963008445,84.69149948167639,2025-07-20
F05,52.02134479315459,5.028005348795235,96.43883224944557,2025-07-27
F05,52.02032918237141,5.027461080192605,102.64794852676089,2025-07-27
F05,52.022895342775556,5.024993758023389,81.15793008631678,2025-07-27
F05,52.01871058742223,5.027145392531305,60.57188267012769,2025-07-27
F05,52.02122308706203,5.026858515842687,86.15924205437152,2025-07-27
F05,52.01899088954025,5.028695796351187,82.3606697750374,2025-07-27
F05,52.02368150087636,5.030688463864047,91.96276482408227,2025-07-27
F05,52.02093865075758,5.031549499164319,73.25571777728145,2025-07-27
F05,52.01932323348423,5.028445753921595,103.71230487136896,2025-07-27
F05,52.02112506306827,5.028296560706615,74.14471715110554,2025-07-27
F05,52.02284746580648,5.0300011929529225,90.79260161119929,2025-08-03
F05,52.0204847404193,5.027511368418869,74.13502199676024,2025-08-03
F05,52.021554380181215,5.026950817577511,75.0606679580057,2025-08-03
F05,52.02079303535321,5.027837694308652,80.17617176942436,2025-08-03
F05,52.02212823832383,5.028690000274654,82.17475175591106,2025-08-03
F05,52.02170309082104,5.027084138009772,85.32222899127743,2025-08-03
F05,52.02165447516784,5.026316858282392,92.4455500349629,2025-08-03
F05,52.02010642087073,5.028706893270238,93.79529392428216,2025-08-03
F05,52.02281708656514,5.028622928654282,81.58000797694345,2025-08-03
F05,52.02284983929144,5.0295834710381415,79.53307983964696,2025-08-03
F05,52.02023623095807,5.025462895798884,87.1522547334687,2025-08-10
F05,52.02130452481104,5.030275715633392,88.79244074784293,2025-08-10
F05,52.02342991521983,5.0275253822295545,95.02520264774095,2025-08-10
F05,52.020635196859914,5.029737822664117,74.24993285975445,2025-08-10
F05,52.021781274377624,5.02559439665926,83.78290011246597,2025-08-10
F05,52.022089102419386,5.027789975744581,77.51649896995227,2025-08-10
F05,52.02269774913252,5.0284162343866585,82.00343482375463,2025-08-10
F05,52.0214914153103,5.032526432284347,95.14802279825236,2025-08-10
F05,52.02317243193085,5.029224748049917,87.25188218061717,2025-08-10
F05,52.01783444799608,5.027552958051734,82.07540469438021,2025-08-10
F05,52.0186162333325,5.026835304886105,69.19330823261893,2025-08-17
F05,52.02137108567503,5.029799577527702,93.89419614899464,2025-08-17
F05,52.02205074812169,5.027126334059631,69.58347873184033,2025-08-17
F05,52.01879326837947,5.026667954705546,77.9291224157146,2025-08-17
F05,52.02118894868158,5.027050182244238,87.75180714934609,2025-08-17
F05,52.021080161174375,5.02858724713904,94.16200442136964,2025-08-17
F05,52.01965822382727,5.029199485438867,84.92821417219142,2025-08-17
F05,52.02092834200712,5.029899313052727,92.07211323645606,2025-08-17
F05,52.02000883523459,5.028298187695642,87.28969346067252,2025-08-17
F05,52.02101906130654,5.0294489605698605,87.2895361432822,2025-08-17
F05,52.02417741328911,5.026276009867534,83.50051208202082,2025-08-24
F05,52.020065817661305,5.029477589754587,71.54262487963565,2025-08-24
F05,52.02194804049391,5.027626355924406,78.6067050710319,2025-08-24
F05,52.01925882412326,5.027873814652127,93.15600424232741,2025-08-24
F05,52.02139078840328,5.02951294919824,97.79713457573021,2025-08-24
F05,52.0218242048058,5.027733229213335,88.21801772146232,2025-08-24
F05,52.0206121272091,5.027814794546483,72.32085760304813,2025-08-24
F05,52.0228179576652,5.027992424707954,85.9367859665269,2025-08-24
F05,52.01987462853566,5.029225350016001,78.38447009491934,2025-08-24
F05,52.021216008346016,5.029888167618287,90.80607449786024,2025-08-24
F05,52.0213955263198,5.0259192320223685,108.10248456048512,2025-08-31
F05,52.02404735988398,5.029655440808761,78.13436974727223,2025-08-31
F05,52.02125818318602,5.027756297926763,94.2708475127711,2025-08-31
F05,52.02182232576485,5.027395182783889,80.39395920700174,2025-08-31
F05,52.02311035364243,5.030971575341659,96.38665250788996,2025-08-31
F05,52.02256411952615,5.028192491268224,58.227889397367036,2025-08-31
F05,52.02187431146429,5.028568685433163,85.27985677057083,2025-08-31
F05,52.021509417449124,5.026582035328505,88.61926845480949,2025-08-31
F05,52.02237689589962,5.029594936744518,91.73261602858709,2025-08-31
F05,52.022334648895956,5.02795638445412,83.59330521667127,2025-08-31
F05,52.02156525872945,5.028732977745088,93.98574124777383,2025-09-07
F05,52.02239407455811,5.0316874437307835,103.65175183907738,2025-09-07
F05,52.02154804580249,5.02281644524874,95.89465972901813,2025-09-07
F05,52.02061800692009,5.027369202688682,82.81243780008506,2025-09-07
F05,52.02075860685835,5.029489833286586,73.5245137669902,2025-09-07
F05,52.01981199030988,5.029086166402725,90.98355224330646,2025-09-07
F05,52.02239088389597,5.027390874153029,78.17387480587008,2025-09-07
F05,52.02066861917789,5.028931237699855,97.8838189541804,2025-09-07
F05,52.018357415649916,5.028240335435991,75.33857247179837,2025-09-07
F05,52.018950207412544,5.030021863539446,90.35699659599472,2025-09-07
F05,52.022102721702495,5.029952967331025,82.88224882587092,2025-09-14
F05,52.02077961515407,5.031850024496513,84.7474315659234,2025-09-14
F05,52.022531269598154,5.028581000882873,71.93393175937268,2025-09-14
F05,52.01836162792287,5.027702952241518,95.16881001335992,2025-09-14
F05,52.02261100891353,5.029942544317764,78.82363056850947,2025-09-14
F05,52.02385238016375,5.027124088621149,88.42259518935975,2025-09-14
F05,52.02141304299371,5.0283106178409565,97.42873710636485,2025-09-14
F05,52.02037090564832,5.02654702068786,86.87996388965135,2025-09-14
F05,52.020828831327144,5.033637502950053,92.1320598115198,2025-09-14
F05,52.020814560565746,5.026987261217648,71.67769271544972,2025-09-14
F05,52.019890742799966,5.028743841229067,98.13862921275816,2025-09-21
F05,52.023111105142156,5.028915070818898,84.13465867438012,2025-09-21
F05,52.02183178996319,5.027793471575202,100.466911966111,2025-09-21
F05,52.02114478615666,5.028441921784059,68.99342059983465,2025-09-21
F05,52.02113541915879,5.029826154778376,78.17821938369164,2025-09-21
F05,52.02030249092683,5.029760495098029,74.90674221185557,2025-09-21
F05,52.02301527293989,5.027773212736169,83.61145423607037,2025-09-21
F05,52.019742753820886,5.02913849796207,106.39897588023504,2025-09-21
F05,52.02260081728776,5.027275000678518,95.80496468393181,2025-09-21
F05,52.020953552109674,5.03063315604357,93.17341121731491,2025-09-21
F05,52.017013859080365,5.027065309121996,94.35508178268311,2025-09-28
F05,52.02165605733679,5.0270357946498665,81.7312838760495,2025-09-28
F05,52.01856921649844,5.028438868640139,104.4855178081261,2025-09-28
F05,52.022635971514674,5.031857054073211,93.85917671831984,2025-09-28
F05,52.022969790443604,5.031532546603046,89.81810607473781,2025-09-28
F05,52.02114773044631,5.030120414846362,98.43072189697507,2025-09-28
F05,52.020708624464504,5.027489074947918,87.91084825944704,2025-09-28
F05,52.02267581972897,5.029768565144421,75.4066591984992,2025-09-28
F05,52.02429598052917,5.027609681177333,84.67948002489136,2025-09-28
F05,52.02007458988859,5.032618921825334,88.73656536230374,2025-09-28
F06,52.063009251664695,5.087010171039229,89.03308623448027,2025-06-01
F06,52.064004123750344,5.08697519578346,76.27766431335309,2025-06-01
F06,52.063546336873294,5.082698960732436,72.2883913262435,2025-06-01
F06,52.066997160494225,5.088176428655869,83.4063091891917,2025-06-01
F06,52.0667801114565,5.085474173984373,80.93271757945674,2025-06-01
F06,52.06437048025842,5.0855269033213,81.15842941151855,2025-06-01
F06,52.06600081144644,5.08593948919522,88.57985411547043,2025-06-01
F06,52.06583278507363,5.086296564407768,75.11782939273408,2025-06-01
F06,52.06225641545227,5.085937456666496,81.50994956140052,2025-06-01
F06,52.0644168014291,5.085690204655412,103.54858928133254,2025-06-01
F06,52.062290374902254,5.082729366309554,89.21901466815687,2025-06-08
F06,52.06372108045383,5.08618838751888,91.231064178272,2025-06-08
F06,52.066211871328484,5.083453446983709,82.1062568171427,2025-06-08
F06,52.064928856174035,5.086869981107816,104.10759640230708,2025-06-08
F06,52.06571927024239,5.085629102820456,79.43651397645871,2025-06-08
F06,52.06343927950664,5.08482523147985,91.80186902811009,2025-06-08
F06,52.064671210454094,5.083728811358022,83.07278824727653,2025-06-08
F06,52.065602035615896,5.0862417792467465,91.10915692810217,2025-06-08
F06,52.0648600968508,5.088153931816199,88.44834451059496,2025-06-08
F06,52.06370668008891,5.084340653152585,88.5568756656777,2025-06-08
F06,52.060624658263556,5.085437852211537,82.91328112062925,2025-06-15
F06,52.06223900800529,5.084321886956301,91.03726024118593,2025-06-15
F06,52.06463178190933,5.085866968214846,87.01078027145618,2025-06-15
F06,52.06442465566764,5.087578579558573,85.5474334536292,2025-06-15
F06,52.06209839461499,5.088159480661597,87.52272213863077,2025-06-15
F06,52.063401833689525,5.083834183136843,87.72731376766437,2025-06-15
F06,52.06410995627826,5.088075505893334,81.79274175466539,2025-06-15
F06,52.063029643101196,5.08705798004164,91.96225514173466,2025-06-15
F06,52.064538691337134,5.0867288212857975,84.2585030340621,2025-06-15
F06,52.06463651193723,5.087461772038131,89.56254667217203,2025-06-15
F06,52.064031802628215,5.087742829533175,68.7611570176679,2025-06-22
F06,52.06736382425285,5.0831553470719495,82.66325740182162,2025-06-22
F06,52.06422433798292,5.085494564708193,95.73128832021243,2025-06-22
F06,52.0626989593578,5.08610543594051,83.05430321424195,2025-06-22
F06,52.06472842575472,5.085617127324588,88.42348522146382,2025-06-22
F06,52.06346082703702,5.084949189789142,89.9781801122194,2025-06-22
F06,52.06570128754435,5.0848168667129885,80.72985964341672,2025-06-22
F06,52.065205904534224,5.085665529874698,94.3239850718876,2025-06-22
F06,52.06292701846566,5.08304512732615,83.41596734538932,2025-06-22
F06,52.06313618537182,5.085596103114165,82.58523828583688,2025-06-22
F06,52.06539723971272,5.085282060320652,87.28379599019121,2025-06-29
F06,52.064522166123375,5.086006718352904,85.88696711636021,2025-06-29
F06,52.06505161532133,5.084520803013547,97.27534341323107,2025-06-29
F06,52.063930908210665,5.083746962007438,87.58458685593418,2025-06-29
F06,52.063008943562046,5.086712287516049,103.75684460833902,2025-06-29
F06,52.06310585614838,5.0862128442141215,72.03595529036298,2025-06-29
F06,52.064966572129876,5.0843857150145855,81.08132305252414,2025-06-29
F06,52.062633784550954,5.086812512553368,94.1384348597861,2025-06-29
F06,52.06432079210771,5.0844176456562815,98.7961842888309,2025-06-29
F06,52.063160099094084,5.082471237264394,89.74711207965655,2025-06-29
F06,52.06262855227526,5.087197198904534,83.59089842661265,2025-07-06
F06,52.065191284146536,5.087816536234113,76.96912908303423,2025-07-06
F06,52.06343680858938,5.0856007791053,98.94041055227476,2025-07-06
F06,52.06329814020881,5.084822530170362,90.46512460444647,2025-07-06
F06,52.06341987119715,5.085943074538632,74.227700632255,2025-07-06
F06,52.06760720919955,5.083692721868822,84.06597836807833,2025-07-06
F06,52.064236992731956,5.088583317915821,76.04123375253808,2025-07-06
F06,52.067261270488935,5.086850050945938,89.97676259538596,2025-07-06
F06,52.06280876375519,5.0865709975773425,80.8521070206416,2025-07-06
F06,52.06618570616551,5.084257692670624,85.73473204435133,2025-07-06
F06,52.0634528046537,5.084233001270645,89.45055853526331,2025-07-13
F06,52.06508890240683,5.087527801012637,69.28099913433465,2025-07-13
F06,52.06588197033923,5.08947245907232,79.90687128658442,2025-07-13
F06,52.06712843720388,5.085319543806196,72.54072209950954,2025-07-13
F06,52.06382726562211,5.087286591665798,76.81458814134774,2025-07-13
F06,52.063385206297205,5.086604594862725,83.54448093390857,2025-07-13
F06,52.06516264871445,5.086071030025423,87.35700255641258,2025-07-13
F06,52.063637262507,5.086061882127331,76.10101595443253,2025-07-13
F06,52.066218364719475,5.084762873639059,92.55077990039511,2025-07-13
F06,52.06393530384424,5.086017284230421,79.56028359287438,2025-07-13
F06,52.06276172113896,5.083097145132878,77.47740673126033,2025-07-20
F06,52.063799851005896,5.086032104482529,94.0030345062661,2025-07-20
F06,52.06361707809602,5.0843913445678846,74.3782817119783,2025-07-20
F06,52.065005809712574,5.08778907748728,96.05064214365031,2025-07-20
F06,52.06535061340794,5.086672100690187,99.50099023767473,2025-07-20
F06,52.064783836477844,5.086683480228322,83.35372910518402,2025-07-20
F06,52.06224264922943,5.084688512363536,85.84672769172276,2025-07-20
F06,52.06437689234447,5.088603714496569,86.57021734072855,2025-07-20
F06,52.06605397945175,5.085061669851921,83.42659291387812,2025-07-20
F06,52.06229220282988,5.08460079369497,90.13585113091003,2025-07-20
F06,52.064297054556306,5.087128693644131,86.7300315867604,2025-07-27
F06,52.06375703368826,5.088936731009966,84.52877145029562,2025-07-27
F06,52.06603021574028,5.085112471904468,90.95679583506853,2025-07-27
F06,52.06567773777444,5.086027023670149,66.44413661842718,2025-07-27
F06,52.064313092977,5.087559975785926,89.49984666422185,2025-07-27
F06,52.06495447259856,5.083130900313349,79.51635943459954,2025-07-27
F06,52.06490275073244,5.086329860629466,94.99733424106321,2025-07-27
F06,52.064068414153,5.086323021844296,85.41099393545035,2025-07-27
F06,52.06280530018096,5.082330598717643,88.72807753704062,2025-07-27
F06,52.06454663509834,5.084787023151135,72.32661554787308,2025-07-27
F06,52.06523032355733,5.085315405602992,91.25499777894517,2025-08-03
F06,52.067081787081335,5.082502139393806,81.20319353038109,2025-08-03
F06,52.063971650865746,5.0878965249755055,73.70877584634812,2025-08-03
F06,52.06718950582424,5.085918069566635,86.03199470612913,2025-08-03
F06,52.063988624640885,5.085059891166015,95.18493407415323,2025-08-03
F06,52.06268293315459,5.086232406986751,83.72654667434419,2025-08-03
F06,52.06314251411295,5.0895932484778115,90.15240587802768,2025-08-03
F06,52.06520561260271,5.087420950885289,75.42920043745161,2025-08-03
F06,52.0669141521494,5.0819508499465424,80.64986871969184,2025-08-03
F06,52.06359716677595,5.086586870761741,88.5497461291319,2025-08-03
F06,52.06403549217467,5.085696289697344,78.49581581181945,2025-08-10
F06,52.06203986569399,5.086804053147789,91.86964890028949,2025-08-10
F06,52.06666245584845,5.084529260069063,91.86252168240739,2025-08-10
F06,52.06386015419317,5.087499998192076,94.49570221342515,2025-08-10
F06,52.064602528384555,5.085204990479286,94.0074574288661,2025-08-10
F06,52.0652560710706,5.084687625111156,75.69761061216457,2025-08-10
F06,52.06385291493469,5.087987406437308,95.49189726986431,2025-08-10
F06,52.06261722308121,5.083962649590435,96.51747079743589,2025-08-10
F06,52.06258226042858,5.0864782286997485,81.39143027730941,2025-08-10
F06,52.0667112816725,5.0845586485155785,95.46689224164663,2025-08-10
F06,52.06456300226681,5.086092577995637,69.19753134918878,2025-08-17
F06,52.06098134425591,5.085383436803885,86.93524850733289,2025-08-17
F06,52.06259791754411,5.084081245598571,89.45178103860906,2025-08-17
F06,52.065129996006405,5.085507674123703,91.20161376948859,2025-08-17
F06,52.06252441084214,5.085180383338655,98.14302084626938,2025-08-17
F06,52.064388197480625,5.085903754486166,103.40757268774192,2025-08-17
F06,52.06218670103694,5.086908931264248,98.27189023846479,2025-08-17
F06,52.063798427395966,5.087003731894567,77.10384402231276,2025-08-17
F06,52.06325561569236,5.0862917353383565,91.34853338488472,2025-08-17
F06,52.06596711905433,5.088068728594695,84.42042753155853,2025-08-17
F06,52.06607613191848,5.0852008284491115,92.57673049270615,2025-08-24
F06,52.06459694748249,5.086382802574908,88.7480629921763,2025-08-24
F06,52.06187865677102,5.084028102925994,86.18033151854019,2025-08-24
F06,52.06175479566625,5.086961102369085,92.33244773030513,2025-08-24
F06,52.064776470115035,5.084032584695149,96.40111151094811,2025-08-24
F06,52.067341530245294,5.085934900955454,89.44428302760988,2025-08-24
F06,52.06458832226791,5.086509839497784,84.40352994698883,2025-08-24
F06,52.06423386792595,5.087072862115032,104.12499329517152,2025-08-24
F06,52.06218560743412,5.085558566987681,75.91631611814334,2025-08-24
F06,52.06667375163358,5.084832678760305,73.81439364971365,2025-08-24
F06,52.065242994783986,5.0883307523864,88.34878294848609,2025-08-31
F06,52.06459291110164,5.086327997098449,94.35872530260443,2025-08-31
F06,52.062974415380694,5.085546515058156,79.41847881192372,2025-08-31
F06,52.06253391632478,5.08522172282516,91.90176876785958,2025-08-31
F06,52.065135617508304,5.086680751464447,84.21180489322654,2025-08-31
F06,52.06507069995981,5.0845134002007635,80.56392091258216,2025-08-31
F06,52.06457372064117,5.0861305595026085,85.60150283937497,2025-08-31
F06,52.06407821136269,5.08514815061259,108.30217026435437,2025-08-31
F06,52.06564589519512,5.086334006928214,81.17433201434883,2025-08-31
F06,52.0636088860453,5.085518084823695,85.38263074869346,2025-08-31
F06,52.061465060969624,5.083360201321224,80.82494088848834,2025-09-07
F06,52.06459642344088,5.085355375993558,97.74496980879587,2025-09-07
F06,52.06206211910522,5.08458726750988,98.0807339279288,2025-09-07
F06,52.064482393272726,5.087041549588487,102.32997554615571,2025-09-07
F06,52.063245007658864,5.085565314207598,83.74058479255302,2025-09-07
F06,52.06135382477899,5.085248690508651,92.96849749904533,2025-09-07
F06,52.06509659859844,5.086642910468368,82.915928154884,2025-09-07
F06,52.06330156843171,5.087618169222133,81.94146282913864,2025-09-07
F06,52.064726837343905,5.085959287735302,97.61373613005695,2025-09-07
F06,52.065742832822224,5.083771397783285,76.41957466579969,2025-09-07
F06,52.06515407901282,5.085617779243217,81.15862572836988,2025-09-14
F06,52.06580915611171,5.085995474787419,85.21965909511555,2025-09-14
F06,52.06545545724685,5.08515162222187,97.34815188378043,2025-09-14
F06,52.06310364285087,5.086699679313798,96.27066270927875,2025-09-14
F06,52.06221977105181,5.085199282950507,93.93765914308446,2025-09-14
F06,52.066021581107314,5.085457042313703,78.92263125058513,2025-09-14
F06,52.065719618019216,5.087489609368157,75.48269321190084,2025-09-14
F06,52.06247984381227,5.086052170737261,89.83488506743113,2025-09-14
F06,52.06383711065787,5.086733226444259,79.11890714530094,2025-09-14
F06,52.06111367388711,5.085078434105786,85.30585717210481,2025-09-14
F06,52.06387195434587,5.083976380818796,72.27480819296946,2025-09-21
F06,52.06351458107917,5.08706076937176,96.84957951530946,2025-09-21
F06,52.06606728436192,5.084490421411562,77.57034941095708,2025-09-21
F06,52.06503066620819,5.0866669357316825,90.00135684160398,2025-09-21
F06,52.06126461937436,5.084413958836961,86.56248967771216,2025-09-21
F06,52.06501654157766,5.086865246758189,87.95402817825632,2025-09-21
F06,52.06478188999552,5.085841583901827,92.28495499374786,2025-09-21
F06,52.06475501276295,5.085812892204356,84.65304960690095,2025-09-21
F06,52.06440765142328,5.0864411727825445,88.93980311118449,2025-09-21
F06,52.064856953913235,5.087728368506312,88.9213113819727,2025-09-21
F06,52.063312216505004,5.087039695893277,76.11041329864867,2025-09-28
F06,52.062663594214605,5.086218056611366,91.17117334229263,2025-09-28
F06,52.06241813745046,5.085140059492805,82.19132934224274,2025-09-28
F06,52.06355569980139,5.087129682378695,92.69204370837802,2025-09-28
F06,52.064257031015934,5.084895342823613,76.24280263823889,2025-09-28
F06,52.06641599169389,5.086602456564713,81.38664716741488,2025-09-28
F06,52.06536511353215,5.085608950283423,84.74312396110126,2025-09-28
F06,52.06493853157815,5.084602038339416,84.28994784391912,2025-09-28
F06,52.06446790588202,5.0849651089249575,92.39268168214019,2025-09-28
F06,52.06708931404123,5.084582838515375,73.71899762956765,2025-09-28
F07,52.10414024689164,5.142631440644901,81.41468327899054,2025-06-01
F07,52.10745464789446,5.143056039365183,73.89426522708723,2025-06-01
F07,52.10442053139863,5.143301042717662,87.80343067775965,2025-06-01
F07,52.106504130145304,5.140371427479445,90.49113010211993,2025-06-01
F07,52.10905070646099,5.143274116517472,79.94020887547948,2025-06-01
F07,52.10720968539121,5.140807971735743,95.18368571071034,2025-06-01
F07,52.10726562364465,5.1402049074895135,84.31460511645054,2025-06-01
F07,52.1078378094082,5.14235757142568,84.51283422847861,2025-06-01
F07,52.10530625383228,5.143706954337766,81.5322463998469,2025-06-01
F07,52.103908189077345,5.142300256801137,94.56919772456283,2025-06-01
F07,52.10656246297295,5.145464120334829,89.43174358838813,2025-06-08
F07,52.107650994386276,5.142664545458267,85.45371033788568,2025-06-08
F07,52.106747721690176,5.142403738769019,90.2469372965372,2025-06-08
F07,52.10573911029817,5.141243302114057,77.01443959299698,2025-06-08
F07,52.11021133896437,5.143652657209649,88.43593761344115,2025-06-08
F07,52.105556585137414,5.143792156308155,85.06742922837337,2025-06-08
F07,52.10746411055455,5.141392212383348,87.28215085934062,2025-06-08
F07,52.106507106835544,5.141708726121598,91.872850686458,2025-06-08
F07,52.10483629543006,5.143704307253614,91.47588906842397,2025-06-08
F07,52.10582339162953,5.141626650165445,84.21579454986878,2025-06-08
F07,52.10756591145855,5.142627860369422,90.26849968153503,2025-06-15
F07,52.10978732662166,5.142095567703419,73.07856023437263,2025-06-15
F07,52.1083817425174,5.145382114721034,89.94214690440899,2025-06-15
F07,52.10551123412982,5.14267130431229,77.85181212630694,2025-06-15
F07,52.1081071403838,5.140830207253096,84.3989697053744,2025-06-15
F07,52.105636350403415,5.1430473798848455,83.86926658289794,2025-06-15
F07,52.10740800029773,5.142890668689593,78.90672777820711,2025-06-15
F07,52.10808317273815,5.1427839943793785,78.8917679370728,2025-06-15
F07,52.110504246977165,5.143571788107219,85.57391557280556,2025-06-15
F07,52.10926566393291,5.145619866271224,85.63720462148892,2025-06-15
F07,52.10766395337251,5.1413751386301385,84.9824579938559,2025-06-22
F07,52.10684426331221,5.143134383407576,88.82208382909607,2025-06-22
F07,52.1079825998161,5.143213606841593,76.47405898696668,2025-06-22
F07,52.10573515648424,5.142037531427948,83.90207526461417,2025-06-22
F07,52.10871901857856,5.141112734376864,83.30067961463439,2025-06-22
F07,52.108572371390174,5.142407326645398,89.84332519874259,2025-06-22
F07,52.106933544078466,5.14324231774313,84.33221964952367,2025-06-22
F07,52.10814345535195,5.140539558246034,83.25350393289163,2025-06-22
F07,52.107587716157894,5.143657685729153,98.10362098203062,2025-06-22
F07,52.10655632014256,5.145076365499935,80.88780938672264,2025-06-22
F07,52.10913582676017,5.144083343547191,79.73233136294222,2025-06-29
F07,52.10760341599873,5.142780289103845,92.04467674940001,2025-06-29
F07,52.1068079497602,5.142396273518651,97.99275666210282,2025-06-29
F07,52.10699477580117,5.144096776343431,85.2371881196464,2025-06-29
F07,52.1096428520317,5.14183964091314,82.12685175002252,2025-06-29
F07,52.10942963291453,5.142189723270801,99.84859444931514,2025-06-29
F07,52.108480618012244,5.142625168297302,72.53365222386273,2025-06-29
F07,52.107113879686445,5.143009587937444,96.37774186643499,2025-06-29
F07,52.109525527907216,5.141829662088427,93.44945411190547,2025-06-29
F07,52.10829096037688,5.1444672619107585,91.02951929708436,2025-06-29
F07,52.10422911060641,5.142624009208352,76.35433940066467,2025-07-06
F07,52.10683894848348,5.144327149211344,88.04120668699977,2025-07-06
F07,52.10886499344245,5.143369773738214,75.21339248264877,2025-07-06
F07,52.10336158663299,5.143080355999663,83.88858826919068,2025-07-06
F07,52.10567743853378,5.140306201982666,79.72205429221832,2025-07-06
F07,52.106851119915554,5.1438559595927025,87.10904865254383,2025-07-06
F07,52.10955495801361,5.141303736773075,92.64847113645946,2025-07-06
F07,52.107213805257544,5.143899146543321,82.10788109387565,2025-07-06
F07,52.10875037770369,5.143299979994661,80.164440120658,2025-07-06
F07,52.10712482109948,5.142497809068738,89.51342680510234,2025-07-06
F07,52.105373192018796,5.142813115303969,86.52245802119465,2025-07-13
F07,52.10719239210364,5.144877554723727,89.55218219256842,2025-07-13
F07,52.107131635947745,5.14318217650339,85.725324411856,2025-07-13
F07,52.107747806549106,5.140118655863646,80.94778963384522,2025-07-13
F07,52.104916198540565,5.1447745642783325,82.87320383997658,2025-07-13
F07,52.106852845718336,5.144202338855193,86.738598379599,2025-07-13
F07,52.10544990537129,5.1427507848133525,80.67866421418893,2025-07-13
F07,52.10452605780994,5.141821728507288,81.89167742386827,2025-07-13
F07,52.10697043074562,5.1406337957216275,92.57332466437981,2025-07-13
F07,52.106989702554515,5.142913472472134,86.56513310671869,2025-07-13
F07,52.105960742762,5.1435416768168425,83.06340283185453,2025-07-20
F07,52.10579797883188,5.143717314097176,97.93339087041446,2025-07-20
F07,52.108230101203084,5.144241609204854,81.8349551475016,2025-07-20
F07,52.1047464275491,5.145092349140293,102.43611911523809,2025-07-20
F07,52.10945706730351,5.142353463948673,76.76292529016925,2025-07-20
F07,52.10554433309613,5.140331544005722,85.14097105271964,2025-07-20
F07,52.10955137407998,5.142644648909335,88.4185832027862,2025-07-20
F07,52.10920625258931,5.142250999889395,102.28425165375675,2025-07-20
F07,52.1101309987541,5.142660475849122,81.37972588784629,2025-07-20
F07,52.10818871421244,5.142335855443365,76.74755826346131,2025-07-20
F07,52.10906471512314,5.144681813938059,86.60409283010848,2025-07-27
F07,52.105248560012264,5.1410128534803174,86.21783430735321,2025-07-27
F07,52.106393050591095,5.142345503458931,93.53570524048003,2025-07-27
F07,52.10824262611899,5.1449243568778895,77.43501421298194,2025-07-27
F07,52.10662806978982,5.143995615400334,88.94462672810313,2025-07-27
F07,52.10944142771674,5.143487947915999,100.14487283284441,2025-07-27
F07,52.10795288384544,5.144450394028526,82.77188042572435,2025-07-27
F07,52.10716428796068,5.144223559462903,98.26382536474443,2025-07-27
F07,52.10823671256682,5.142732385199241,96.37868023622673,2025-07-27
F07,52.103854889158434,5.140723791104883,90.81307378934711,2025-07-27
F07,52.107164019677235,5.1437654133338295,85.79526017945554,2025-08-03
F07,52.10799927568476,5.141635538625653,89.84388868863752,2025-08-03
F07,52.108634478935166,5.14468796876304,101.3884343571896,2025-08-03
F07,52.10750900480811,5.143268009487414,73.09462028660921,2025-08-03
F07,52.10634574004115,5.142567519746133,93.68255641821084,2025-08-03
F07,52.10622635545672,5.144051652886766,85.26702626429297,2025-08-03
F07,52.10687710497018,5.143230483810843,82.15074902197726,2025-08-03
F07,52.106499301270716,5.140299963998458,83.29636634137688,2025-08-03
F07,52.10642290492363,5.14208317137312,88.61498450072033,2025-08-03
F07,52.10813080507204,5.1432054346141065,93.2433215235958,2025-08-03
F07,52.108006200031596,5.142414558572435,82.37714971428495,2025-08-10
F07,52.107612090498,5.143717793521996,97.26275445625198,2025-08-10
F07,52.10892961671026,5.142044933347383,85.26394975898191,2025-08-10
F07,52.10814938385023,5.144459139524232,93.59175574963834,2025-08-10
F07,52.10704704039361,5.1409761088785,78.08850899003527,2025-08-10
F07,52.10755180741433,5.14337048122628,77.29056501252492,2025-08-10
F07,52.107209711559186,5.143803979392601,76.87018673994285,2025-08-10
F07,52.10880035294556,5.142290846134303,96.14090490061321,2025-08-10
F07,52.10634267847419,5.141317204632817,82.41490408126624,2025-08-10
F07,52.10700013495824,5.142274422996986,84.3519886274151,2025-08-10
F07,52.107643804867365,5.142600373802448,86.11110084838394,2025-08-17
F07,52.10457901754405,5.143444689881159,85.92637361846666,2025-08-17
F07,52.10955829661358,5.141447795106262,72.17363737200388,2025-08-17
F07,52.10806995988375,5.143376933384613,78.57253583575084,2025-08-17
F07,52.10484823371035,5.145163237953169,97.95288312485425,2025-08-17
F07,52.103411672004796,5.142169808313258,99.9535364382712,2025-08-17
F07,52.106428763306184,5.142121224506103,84.37792537896506,2025-08-17
F07,52.1054615116822,5.140299979240801,95.06037848587799,2025-08-17
F07,52.10437845178348,5.143228050035306,93.7326359420612,2025-08-17
F07,52.1049660176945,5.141470740253251,96.34543350713273,2025-08-17
F07,52.10794219472319,5.141931214296825,95.45799202688937,2025-08-24
F07,52.108952660728036,5.143260721896667,78.6387181770107,2025-08-24
F07,52.10652268408764,5.143286722973077,84.3312413668201,2025-08-24
F07,52.10855129291021,5.140562481736979,73.8858917674701,2025-08-24
F07,52.10741416381008,5.142119826236433,80.82361108241808,2025-08-24
F07,52.10449077206409,5.14288646162434,85.41795913599388,2025-08-24
F07,52.10812307561578,5.142960502056825,84.77916737407602,2025-08-24
F07,52.10890835809804,5.1408884419019705,90.13111375078061,2025-08-24
F07,52.10463613639566,5.141599600037142,76.1387429390135,2025-08-24
F07,52.108315770946035,5.1427590275067505,85.73197404325619,2025-08-24
F07,52.10548275766126,5.142407602613244,77.17227757352711,2025-08-31
F07,52.10771803966514,5.1413705061541455,93.91835492164061,2025-08-31
F07,52.10462948646842,5.141647363108459,96.69760407972878,2025-08-31
F07,52.106490149020914,5.140884824860537,85.03257250030136,2025-08-31
F07,52.106429768779535,5.141603337473716,74.51303351361027,2025-08-31
F07,52.11129541755129,5.142479815006867,67.87546111733698,2025-08-31
F07,52.10938342178136,5.143773749214809,77.1482685518417,2025-08-31
F07,52.105743178509826,5.14386735205138,81.30465338008436,2025-08-31
F07,52.10425389041519,5.1455380028040505,79.80807630227234,2025-08-31
F07,52.10938621474758,5.144774795294092,75.27192364413749,2025-08-31
F07,52.1086926419394,5.141879979032348,71.14639530556846,2025-09-07
F07,52.10650595989382,5.143453599109808,82.3781068160293,2025-09-07
F07,52.10668228463147,5.144572491924536,86.93195184232073,2025-09-07
F07,52.105877909675925,5.143910188342645,87.66140453563396,2025-09-07
F07,52.10336044994066,5.143499672227801,89.21462966172881,2025-09-07
F07,52.107173038837225,5.144194693728748,80.70085132538799,2025-09-07
F07,52.107647606826085,5.140506703800392,89.33672306719065,2025-09-07
F07,52.11007244668616,5.141364858328442,80.00158294409779,2025-09-07
F07,52.10607783397852,5.143052140195846,77.57570981717025,2025-09-07
F07,52.10777472821089,5.144127402775347,90.35477770763028,2025-09-07
F07,52.104490234004395,5.144349894354881,93.89893931402945,2025-09-14
F07,52.10838809920137,5.143416406230127,88.16151451364107,2025-09-14
F07,52.10869144124004,5.1457424130885485,78.7756762930812,2025-09-14
F07,52.108760045236544,5.142727817210132,85.3626155837712,2025-09-14
F07,52.10483806110728,5.14242995874287,78.42188033625268,2025-09-14
F07,52.10644707549859,5.1412098632814764,82.80873290149596,2025-09-14
F07,52.10653369160732,5.143002275234801,73.48200110166935,2025-09-14
F07,52.10497457992123,5.143400014263239,80.02049506343921,2025-09-14
F07,52.1087546518282,5.143195047440166,91.25409720165126,2025-09-14
F07,52.10925889562348,5.142392576639433,81.8041063566698,2025-09-14
F07,52.10845041102125,5.143621413203038,84.4213575214296,2025-09-21
F07,52.10923004409329,5.142538776392383,86.18218910044625,2025-09-21
F07,52.107174691119106,5.141455252014795,86.54068311589113,2025-09-21
F07,52.109237997408954,5.143524595330208,86.16850741119146,2025-09-21
F07,52.106900206221106,5.143353443399753,91.91813302791348,2025-09-21
F07,52.10805671538919,5.14235934556441,88.51825275288091,2025-09-21
F07,52.10786276675458,5.141346350375853,87.26584432946956,2025-09-21
F07,52.1039009013134,5.143580943421875,91.20274443650146,2025-09-21
F07,52.10826417633153,5.142264572578889,88.39237468019228,2025-09-21
F07,52.109278787911165,5.14497779732958,85.68661840618752,2025-09-21
F07,52.10735183658895,5.1445235095742445,75.67358387790259,2025-09-28
F07,52.10665824352884,5.1448604985404485,95.48160433347812,2025-09-28
F07,52.10769675280933,5.140598394249147,87.2807181356707,2025-09-28
F07,52.106257984048476,5.143353701211369,81.20522652164095,2025-09-28
F07,52.10560427205039,5.139759844940618,97.4544374798136,2025-09-28
F07,52.106543201375686,5.143092861532697,87.66209506820654,2025-09-28
F07,52.105541706243415,5.1409685454899705,79.63747899202211,2025-09-28
F07,52.10605810448461,5.143407052227664,81.31425869183511,2025-09-28
F07,52.109762593090245,5.144397869410983,94.14687639732566,2025-09-28
F07,52.106963368789145,5.145128563960724,85.935954951031,2025-09-28
F08,52.149953107878765,5.200254961809624,90.73458432434676,2025-06-01
F08,52.1509553621185,5.199287312082333,80.85605024459238,2025-06-01
F08,52.150959854435726,5.201072854875837,81.97319100141702,2025-06-01
F08,52.14761921789548,5.199689025855988,90.10820639060688,2025-06-01
F08,52.152708125269626,5.198203063056489,81.70742997735542,2025-06-01
F08,52.14941589465771,5.202033708009147,84.84046799633094,2025-06-01
F08,52.14863901016094,5.200838042924383,81.88289183967244,2025-06-01
F08,52.14816341908996,5.198660840039086,98.99233563538095,2025-06-01
F08,52.150576313832474,5.200161640083179,83.12085011350364,2025-06-01
F08,52.15043822326318,5.200420353919004,87.45735062565862,2025-06-01
F08,52.15017226763541,5.201303197507459,87.54483476800584,2025-06-08
F08,52.14853309174667,5.199081365663649,71.5278504520823,2025-06-08
F08,52.15304022567406,5.201294131887929,80.71943603896611,2025-06-08
F08,52.1495772327259,5.1990446852886905,99.70037769099294,2025-06-08
F08,52.14787018425359,5.200171714088229,86.49177725948121,2025-06-08
F08,52.151240257946064,5.199843986158413,73.29432898675651,2025-06-08
F08,52.149623323248036,5.198541756673086,87.99663637245249,2025-06-08
F08,52.15215126555478,5.197390862133652,80.95821811680077,2025-06-08
F08,52.14917096056932,5.19942755335688,93.28100531284196,2025-06-08
F08,52.14973968337365,5.2006237040885805,82.35381565014579,2025-06-08
F08,52.15034488651813,5.201166696446316,81.98160360210329,2025-06-15
F08,52.151172037179705,5.200078559153091,96.20368192385803,2025-06-15
F08,52.149697870149886,5.200571866982743,87.51515014657177,2025-06-15
F08,52.14985568160694,5.200388395642339,92.13445975379923,2025-06-15
F08,52.14812565263211,5.202150450413227,72.96269567560162,2025-06-15
F08,52.14897278183539,5.199858596393852,91.13884775268758,2025-06-15
F08,52.15236425879161,5.197212562767662,83.77844697288232,2025-06-15
F08,52.1468097497683,5.200047432960866,90.01346867600024,2025-06-15
F08,52.15238619361325,5.2001809521413405,96.19220103553904,2025-06-15
F08,52.15087575562231,5.199347127704493,76.56831402566368,2025-06-15
F08,52.150412503447434,5.197761846974283,98.52165658135715,2025-06-22
F08,52.149756906846946,5.201792766117268,84.3182845269408,2025-06-22
F08,52.1504032761796,5.200314023286002,87.7996470559126,2025-06-22
F08,52.1493510107299,5.200588684027706,80.75069389213434,2025-06-22
F08,52.14818584700656,5.20186424033999,93.9773439111368,2025-06-22
F08,52.150098837412905,5.202497713573816,86.01787585020124,2025-06-22
F08,52.15198405482998,5.200263361127389,79.96199399938888,2025-06-22
F08,52.15277206028765,5.201486066269936,87.19183175192349,2025-06-22
F08,52.151090756889296,5.199394444849004,94.79319228047633,2025-06-22
F08,52.146413382152076,5.198470297999458,95.9940779542957,2025-06-22
F08,52.14962551669267,5.2003113134423335,76.18571470307653,2025-06-29
F08,52.152771800493554,5.201785794465577,85.35451825299737,2025-06-29
F08,52.149392956214704,5.20154440654213,102.81976360135143,2025-06-29
F08,52.151430640383715,5.203257704001095,79.58118936750466,2025-06-29
F08,52.14877091975425,5.1982165883229206,90.49408519719584,2025-06-29
F08,52.15026340532471,5.199772073314792,93.4340690249864,2025-06-29
F08,52.151848492907824,5.19771150638607,82.18422377679109,2025-06-29
F08,52.15123021539118,5.199298391974212,80.57435138913478,2025-06-29
F08,52.15152780614147,5.198065749895414,84.54736153767116,2025-06-29
F08,52.150492966038705,5.199139270129135,93.22524524810541,2025-06-29
F08,52.1491466845372,5.202112929240169,83.71402962003381,2025-07-06
F08,52.15100690520506,5.201119035929475,79.69967997804741,2025-07-06
F08,52.146919770177014,5.2005411336319955,85.29830677699896,2025-07-06
F08,52.15083373904136,5.199660208791426,81.27657840959426,2025-07-06
F08,52.153012709516474,5.197791468907734,90.59160382691391,2025-07-06
F08,52.14913809721272,5.199496332073389,82.18317733940827,2025-07-06
F08,52.14879484858874,5.200856836315355,95.84514876759965,2025-07-06
F08,52.15070502049187,5.200155072994319,76.82847600720602,2025-07-06
F08,52.150775237898735,5.203234524447594,81.67444300963926,2025-07-06
F08,52.14943602463097,5.199158366303529,80.80468612404464,2025-07-06
F08,52.14588205066949,5.200607553078783,76.99558258916309,2025-07-13
F08,52.14758460532181,5.201129784924599,75.10385771966452,2025-07-13
F08,52.14949199641917,5.202199663586783,72.4862736158039,2025-07-13
F08,52.1477011026481,5.200403959284344,92.95589891208296,2025-07-13
F08,52.1476384874234,5.200611534605256,88.40799631969354,2025-07-13
F08,52.14691125927446,5.201197752006861,90.77284703873744,2025-07-13
F08,52.149532321640116,5.201878519543447,92.85164459459877,2025-07-13
F08,52.150154676888576,5.199322831914513,75.97737685933635,2025-07-13
F08,52.14994365473595,5.200854638379557,81.16658511167488,2025-07-13
F08,52.14670374849211,5.201903070841865,85.28178577475916,2025-07-13
F08,52.14943056325498,5.201285737582635,98.11710877186205,2025-07-20
F08,52.14579713264577,5.200651395474884,74.50680631351722,2025-07-20
F08,52.1507486657602,5.200191890803562,91.0058122115244,2025-07-20
F08,52.14925112857826,5.197190139832271,82.31705446994665,2025-07-20
F08,52.150610271452706,5.201523088493013,76.54534959621981,2025-07-20
F08,52.15154059064031,5.199028191565531,88.81959905275622,2025-07-20
F08,52.1492351590707,5.2002732559415685,93.0550210765622,2025-07-20
F08,52.14815947888407,5.1989801411548795,87.3997006987367,2025-07-20
F08,52.153602375491545,5.19870521543175,102.24107108797536,2025-07-20
F08,52.15300663495551,5.199854033273947,83.5347797904008,2025-07-20
F08,52.148961902202004,5.199897696204501,76.58624453952353,2025-07-27
F08,52.149885641474015,5.202245320410777,82.95131950018626,2025-07-27
F08,52.14963891354402,5.197448289288599,90.83249670504836,2025-07-27
F08,52.150396722527425,5.200095553539649,86.10538359822286,2025-07-27
F08,52.14956086312184,5.200752850350551,87.60946718729102,2025-07-27
F08,52.15047245780733,5.200322474226182,96.8274182967661,2025-07-27
F08,52.15101549114606,5.200289292764725,99.98737624521745,2025-07-27
F08,52.15063040279358,5.2019574440331855,92.6955408670931,2025-07-27
F08,52.1472371213816,5.201957252144979,88.92140993074136,2025-07-27
F08,52.14992206784365,5.200422022521234,85.08013470434346,2025-07-27
F08,52.15034054329058,5.199112185900486,95.55417806987496,2025-08-03
F08,52.14982961782957,5.1994261242359165,77.96059347424581,2025-08-03
F08,52.15040316368372,5.200280660650188,88.46739690942005,2025-08-03
F08,52.14845912216874,5.197598228201783,90.36473042005248,2025-08-03
F08,52.15222696279282,5.198460469566415,98.0755302684936,2025-08-03
F08,52.1504258665881,5.199989405643174,82.17961042763378,2025-08-03
F08,52.14792322297086,5.201481592773887,79.15514910849917,2025-08-03
F08,52.14883028998639,5.201487889464831,70.29613242662619,2025-08-03
F08,52.147714603283994,5.199972798634738,87.70627543203882,2025-08-03
F08,52.15072710197195,5.199547302259906,105.60295734913352,2025-08-03
F08,52.14965816116185,5.199653820771846,80.58410664948899,2025-08-10
F08,52.15018586022478,5.20092244184807,96.5886244362677,2025-08-10
F08,52.147766073603336,5.199631006992466,90.53362888647317,2025-08-10
F08,52.15088058630189,5.200009822986707,91.29939175625682,2025-08-10
F08,52.14878655416061,5.2023368581484775,94.90102482383544,2025-08-10
F08,52.1479826083194,5.198387345427825,78.58462599914476,2025-08-10
F08,52.15101695495634,5.198072908350374,84.31180532633536,2025-08-10
F08,52.150682056594626,5.1999007510981805,89.03110012570166,2025-08-10
F08,52.14840129593298,5.200892281560096,82.05430486019203,2025-08-10
F08,52.1495130704884,5.200356597591859,87.7846257722468,2025-08-10
F08,52.15003597002852,5.198874059767035,83.68360471040646,2025-08-17
F08,52.150003275386254,5.19793737215025,82.37973626949297,2025-08-17
F08,52.150581519818545,5.198083845094232,95.33265321275391,2025-08-17
F08,52.151904419893896,5.19813227413606,96.94095706440112,2025-08-17
F08,52.14978462761693,5.200627771838736,82.10679158297403,2025-08-17
F08,52.15138456724084,5.2006091410282735,79.56677394721918,2025-08-17
F08,52.14825219700005,5.1978095463471865,87.58353421146205,2025-08-17
F08,52.15085870711767,5.200976448518169,85.13615124314097,2025-08-17
F08,52.148264505316504,5.1989768878029645,95.2987891116954,2025-08-17
F08,52.149273057153096,5.200215126446023,77.4747961314009,2025-08-17
F08,52.150504874568185,5.199313473157481,94.4537017102061,2025-08-24
F08,52.15116033655931,5.199256441080138,85.06668778121869,2025-08-24
F08,52.149173325639936,5.197870850205183,79.22046056362227,2025-08-24
F08,52.15029732599158,5.200487889247345,87.26838322874111,2025-08-24
F08,52.14954740041906,5.201399599908582,86.5883352364875,2025-08-24
F08,52.151054880742144,5.197339337301696,54.700797987053264,2025-08-24
F08,52.15042568204176,5.197862851519418,84.38038637829555,2025-08-24
F08,52.14954685443846,5.202381100903623,89.27997242354886,2025-08-24
F08,52.150248788540196,5.2012554867319505,89.02798069471231,2025-08-24
F08,52.149313484510515,5.201607213895382,77.2019989768938,2025-08-24
F08,52.1504848707813,5.1976786453087955,90.19155086012796,2025-08-31
F08,52.15028948446266,5.202514682442872,76.04020885246577,2025-08-31
F08,52.14909866923622,5.201234023639861,91.24253805117847,2025-08-31
F08,52.15027045757701,5.198565796445562,83.83345321526856,2025-08-31
F08,52.15186756151233,5.199922736209369,91.56287756915579,2025-08-31
F08,52.14982721750683,5.198225371727125,96.03048340859998,2025-08-31
F08,52.150754848576796,5.203458455256051,80.43534896279564,2025-08-31
F08,52.1512338593818,5.198032684050944,89.81877254138462,2025-08-31
F08,52.151464759883595,5.196891797325855,86.92054020606714,2025-08-31
F08,52.14915518539893,5.1989470640525575,91.64170121807484,2025-08-31
F08,52.15168102855963,5.199800081927156,88.20389142048016,2025-09-07
F08,52.15017146312959,5.200002705259535,77.84525889830316,2025-09-07
F08,52.15166266690258,5.200442793052239,89.71905192002062,2025-09-07
F08,52.14879023555646,5.199311169403017,85.15092641831377,2025-09-07
F08,52.147698812959824,5.1974679485122035,81.75401655489146,2025-09-07
F08,52.15078378114966,5.199020293915106,78.40955841927429,2025-09-07
F08,52.14877797152014,5.199316986365282,83.72912829743917,2025-09-07
F08,52.15324828217831,5.201581930942731,94.75819289825382,2025-09-07
F08,52.15175287054641,5.198501768695999,76.78108308010209,2025-09-07
F08,52.1483396945627,5.202001759200007,82.18246568894007,2025-09-07
F08,52.14812296572664,5.19935350569967,84.89115574628298,2025-09-14
F08,52.150402619910544,5.200376426531069,80.17455548901194,2025-09-14
F08,52.15102848458877,5.1990412096993746,85.54978930635966,2025-09-14
F08,52.15103016110575,5.1990372678940835,82.2451886113509,2025-09-14
F08,52.15088750207454,5.198713400235093,83.72166381116743,2025-09-14
F08,52.15083361326706,5.203081138662154,91.64323603810197,2025-09-14
F08,52.15070895964448,5.20079620237551,78.2144778074636,2025-09-14
F08,52.15017339510802,5.199955350267496,89.37267632298204,2025-09-14
F08,52.15017476207871,5.200569549516126,84.30826244080639,2025-09-14
F08,52.150087913376055,5.198158257150915,84.24074177597669,2025-09-14
F08,52.15208625032226,5.200478212509442,85.19263170093538,2025-09-21
F08,52.15284418491438,5.197958747532549,76.48435555643024,2025-09-21
F08,52.152569067116914,5.200068941404074,83.41933570968165,2025-09-21
F08,52.14820119351236,5.200671544399593,89.7156789562197,2025-09-21
F08,52.14835825845875,5.199789586621675,82.67587334373547,2025-09-21
F08,52.15038396571963,5.198321124636669,95.37557963610526,2025-09-21
F08,52.151373735672394,5.199455236661901,83.62865030689304,2025-09-21
F08,52.14979536677458,5.198832537170491,81.81256465411971,2025-09-21
F08,52.14959459444849,5.202419302556061,92.9329464666435,2025-09-21
F08,52.151401982061,5.200554888419507,76.42138392855013,2025-09-21
F08,52.14993776334313,5.20145573268942,77.2138829650617,2025-09-28
F08,52.15095482981031,5.2034839138378945,95.77453316791785,2025-09-28
F08,52.15212104370334,5.200327508125663,95.02345559011992,2025-09-28
F08,52.14892322017847,5.201193795718512,92.51510507248611,2025-09-28
F08,52.15043486676105,5.201974011129578,82.96972129722089,2025-09-28
F08,52.149719413725286,5.200143193062037,79.0431122312848,2025-09-28
F08,52.1503403979157,5.197421604380569,95.65563627542568,2025-09-28
F08,52.15006995604985,5.199218660644145,80.60501110163904,2025-09-28
F08,52.14964813145557,5.2010323895661585,91.66191182990049,2025-09-28
F08,52.14894169307908,5.198730940491059,92.53518965055719,2025-09-28
