field_id,timestamp,lat,lon,ndvi
F01,2025-06-01,51.848904160836994,4.798895548172145,0.5283295778615492
F01,2025-06-02,51.85043354161047,4.799777425072775,0.5597135952919545
F01,2025-06-03,51.84831803121602,4.800478037815192,0.5695231792611555
F01,2025-06-04,51.8485603918692,4.800139821358518,0.5830225750424178
F01,2025-06-05,51.85023849892568,4.8008855770816945,0.6071930484557382
F01,2025-06-06,51.85178168478647,4.798635323674099,0.5512526292286829
F01,2025-06-07,51.849947526143936,4.799723664704955,0.5393942249321941
F01,2025-06-08,51.85043374968596,4.800215668770933,0.5871628314912225
F01,2025-06-09,51.849647453757264,4.799559097811389,0.6655383206038736
F01,2025-06-10,51.848883549144816,4.800987861582406,0.6792925192739199
F01,2025-06-11,51.850459204181604,4.800917768197795,0.680506161657176
F01,2025-06-12,51.849689603863524,4.799343164531305,0.6265143283698905
F01,2025-06-13,51.84892168493337,4.800358917583741,0.5853438433886009
F01,2025-06-14,51.84896020677547,4.8018486630689665,0.5747721273822922
F01,2025-06-15,51.848692357418905,4.800273660119212,0.6326332017005012
F01,2025-06-16,51.851566854707215,4.800599089759263,0.6508215271690149
F01,2025-06-17,51.85017567371249,4.799031516353038,0.7011943179504335
F01,2025-06-18,51.84861823081143,4.800770050108917,0.6933088861564778
F01,2025-06-19,51.85150614724078,4.799561150009522,0.6788691755061227
F01,2025-06-20,51.848860938492386,4.79754183056945,0.6497838138308485
F01,2025-06-21,51.84901923515634,4.7998863431575005,0.6517353839390863
F01,2025-06-22,51.85159912324084,4.800673133692233,0.6918983243154024
F01,2025-06-23,51.850305085404706,4.7995998803386986,0.7085274989882653
F01,2025-06-24,51.84941683428274,4.801405647597508,0.7023303230205374
F01,2025-06-25,51.85020073854076,4.797897399308079,0.6621020572642439
F01,2025-06-26,51.8493264603521,4.799141783968228,0.7148271789733309
F01,2025-06-27,51.84945373599082,4.800562910660285,0.7098466360905353
F01,2025-06-28,51.84989255511821,4.799923134592996,0.6663015633229876
F01,2025-06-29,51.851313473161326,4.799303538910213,0.6758304973352476
F01,2025-06-30,51.85186419952589,4.799328692408629,0.7205372831554901
F01,2025-07-01,51.85008919819661,4.799718796404597,0.6929517061964849
F01,2025-07-02,51.8501234191335,4.800444591995073,0.7473478391507946
F01,2025-07-03,51.85043383524009,4.7992468826693795,0.7139766195676883
F01,2025-07-04,51.848877085322556,4.802503171790906,0.6831979966902466
F01,2025-07-05,51.8495160156604,4.800699212438672,0.6959330188155456
F01,2025-07-06,51.84839235868948,4.799720387280095,0.6961753482550544
F01,2025-07-07,51.84987280061602,4.800472815069928,0.6700546796406779
F01,2025-07-08,51.84727754585901,4.8001661406130784,0.6617657670964634
F01,2025-07-09,51.84885025854464,4.800324345711195,0.707034316211457
F01,2025-07-10,51.848963670803165,4.799144517304074,0.7078209888423356
F01,2025-07-11,51.84972637238961,4.798947670530397,0.6966772069979045
F01,2025-07-12,51.849524465553266,4.798806624231457,0.719765948455237
F01,2025-07-13,51.848166829548305,4.801017957052429,0.653449387011688
F01,2025-07-14,51.84870395130718,4.799821319112392,0.7149932529693301
F01,2025-07-15,51.8507528910815,4.799385055897484,0.6324801713245359
F01,2025-07-16,51.84917483410025,4.800226238088667,0.6235646949808824
F01,2025-07-17,51.85111793382273,4.798830684734913,0.5952942383300678
F01,2025-07-18,51.849849852167985,4.7982675054050326,0.628593485494326
F01,2025-07-19,51.84960679899632,4.800034204684538,0.6204736854335897
F01,2025-07-20,51.84914537535825,4.799543008166174,0.6447429428392429
F01,2025-07-21,51.848591773231696,4.800077078611381,0.6294409324447675
F01,2025-07-22,51.851055694248885,4.798902856130229,0.5792933597370598
F01,2025-07-23,51.84937732823345,4.800502546246454,0.5960777336161924
F01,2025-07-24,51.85121209071932,4.798506810187791,0.5893313551757804
F01,2025-07-25,51.84983121526258,4.8002831308223195,0.5396707599594601
F01,2025-07-26,51.84989794360937,4.797523207933123,0.5558771271307253
F01,2025-07-27,51.85050109000931,4.801519336351091,0.5544380187540628
F01,2025-07-28,51.85011666175117,4.7989688939467054,0.6127512555690374
F01,2025-07-29,51.84948687275364,4.801769913067655,0.5676110778527343
F01,2025-07-30,51.85090996254086,4.800640026618384,0.5738245933839006
F01,2025-07-31,51.85035641258354,4.799338862887809,0.5010814043200483
F01,2025-08-01,51.849799428819345,4.799922077264322,0.5739588781164061
F01,2025-08-02,51.85054957431607,4.801508918894267,0.5692905569163138
F01,2025-08-03,51.85111833813679,4.7985806156442035,0.46248722331317577
F01,2025-08-04,51.8502239949689,4.800736763345168,0.49353496934139823
F01,2025-08-05,51.850618860330144,4.7993707662366125,0.5219227398221484
F01,2025-08-06,51.85291410921577,4.7987229154376685,0.5188564377977346
F01,2025-08-07,51.84891681155334,4.800233595081261,0.47178563731641643
F01,2025-08-08,51.85211680305496,4.799163805149296,0.47575245524075677
F01,2025-08-09,51.84973417163435,4.801077293673016,0.45995436397249184
F01,2025-08-10,51.84998213784511,4.799665396145469,0.4743477169767803
F01,2025-08-11,51.85056563290189,4.800272517990229,0.5003300004053842
F01,2025-08-12,51.851030438785635,4.801291468889065,0.4349013903766334
F01,2025-08-13,51.85030700306001,4.800291732725378,0.48193161013850727
F01,2025-08-14,51.850214110982286,4.800489130556649,0.4226045759476564
F01,2025-08-15,51.85005517063787,4.7999993915176775,0.415063378743933
F01,2025-08-16,51.85119662712083,4.801516116180355,0.4597927085631002
F01,2025-08-17,51.84849244705537,4.80001002115174,0.4579555072481926
F01,2025-08-18,51.84931130556656,4.799689028533514,0.45123589247735685
F01,2025-08-19,51.85040251620973,4.800669438371543,0.38196231484214016
F01,2025-08-20,51.84988787355639,4.798086659665277,0.40355868072676593
F01,2025-08-21,51.84903495441942,4.8008964996702,0.4386970383629278
F01,2025-08-22,51.847259573577965,4.801187427151682,0.4121028421751248
F01,2025-08-23,51.85052122999065,4.80131617608153,0.37588282557614694
F01,2025-08-24,51.84980143081312,4.797938594575977,0.41947569169784044
F01,2025-08-25,51.85043036264151,4.801274653124038,0.3823165954029824
F01,2025-08-26,51.85092472180551,4.799337308516511,0.45603881311584177
F01,2025-08-27,51.85008676107547,4.79946716373122,0.44740250258679676
F01,2025-08-28,51.84918073353581,4.80095538857118,0.41844950268896625
F01,2025-08-29,51.848802467688735,4.799106183569418,0.44084326889223163
F01,2025-08-30,51.84889597436653,4.798509752476701,0.4020613365850583
F01,2025-08-31,51.85014641429184,4.8011615030484815,0.42360299838699533
F01,2025-09-01,51.84981512324376,4.798494252199435,0.4459100533503694
F01,2025-09-02,51.85083994453974,4.801685701754034,0.41029565337633644
F01,2025-09-03,51.84935375767586,4.799521445733282,0.39703723474500324
F01,2025-09-04,51.85051566063009,4.801621873747785,0.35572134520224313
F01,2025-09-05,51.849480165854274,4.798667550219002,0.4069321090751854
F01,2025-09-06,51.85063141860628,4.800799068073142,0.43708672591379594
F01,2025-09-07,51.850006131450435,4.7994418667403425,0.44409450912376963
F01,2025-09-08,51.850994378730995,4.800528036004548,0.4345721812851194
F01,2025-09-09,51.8492315644831,4.800049094731306,0.40728187019205
F01,2025-09-10,51.84864829246798,4.800685890456438,0.3686483297951983
F01,2025-09-11,51.84973776643062,4.799564289167615,0.4178688246896535
F01,2025-09-12,51.84996712551485,4.80004030769933,0.42869409794962676
F01,2025-09-13,51.850894930061564,4.800591090531325,0.43384839491080396
F01,2025-09-14,51.84984359072121,4.8007636681497186,0.46750234416235426
F01,2025-09-15,51.85040073725369,4.799573400363713,0.5145069918985978
F01,2025-09-16,51.84987528184176,4.799851777111157,0.4648985802070871
F01,2025-09-17,51.85050526134317,4.799632977385278,0.46119427692259507
F01,2025-09-18,51.84960959081358,4.801968757309433,0.46665249801967784
F01,2025-09-19,51.850939735481745,4.799239399335574,0.485104246735933
F01,2025-09-20,51.85057094099395,4.800118350065655,0.46365871882064
F01,2025-09-21,51.850391551175264,4.8001373413245645,0.49941970683430875
F01,2025-09-22,51.85118964264549,4.800345620344651,0.5167953653999453
F01,2025-09-23,51.84993791130179,4.8010421905769824,0.5171490645725322
F01,2025-09-24,51.85023328504109,4.800121478579329,0.5322813224698616
F01,2025-09-25,51.85031402260249,4.799906390976633,0.5393517171898403
F01,2025-09-26,51.850009226992995,4.799413305411238,0.4810325595471795
F01,2025-09-27,51.849248832780376,4.799001429613518,0.5611898026822928
F01,2025-09-28,51.84860801671321,4.799120282638615,0.5298695546301264
F02,2025-06-01,51.892329489080964,4.85714643974469,0.5422719889659924
F02,2025-06-02,51.89266247916212,4.858415285525673,0.5585098295429386
F02,2025-06-03,51.893074548709876,4.857997761065493,0.555171643090998
F02,2025-06-04,51.89286653821172,4.858199145626603,0.500489606386795
F02,2025-06-05,51.89325467061372,4.8571562776282455,0.6261825262831523
F02,2025-06-06,51.892843859768185,4.856188418516566,0.619235921021414
F02,2025-06-07,51.89336405857728,4.8571026524083205,0.6076018002265227
F02,2025-06-08,51.89235515089697,4.858249318913669,0.6589109701046711
F02,2025-06-09,51.89160692683125,4.856720361247424,0.5796715448443968
F02,2025-06-10,51.893884861605926,4.857458380083777,0.6727560498900788
F02,2025-06-11,51.892809283929495,4.857393860686007,0.5941144252876831
F02,2025-06-12,51.893036557028196,4.855626194596571,0.636965907161452
F02,2025-06-13,51.8925078809718,4.85875937879737,0.5980921760941197
F02,2025-06-14,51.892197818722366,4.856824556128752,0.6430041232981785
F02,2025-06-15,51.89231552209384,4.857055841919538,0.6601393414869353
F02,2025-06-16,51.89227402002582,4.857629598645015,0.6496230261394591
F02,2025-06-17,51.89305445626944,4.8579164047579635,0.681091879241459
F02,2025-06-18,51.891806201690954,4.8568025166599735,0.6677451558548222
F02,2025-06-19,51.892631420225534,4.8575985040529455,0.6538745812850488
F02,2025-06-20,51.89206392165994,4.8580585109471155,0.6569747574250127
F02,2025-06-21,51.89404355844766,4.856153984795221,0.7023861838649039
F02,2025-06-22,51.89236626996225,4.856610925634564,0.6621622328090504
F02,2025-06-23,51.89548952906183,4.856712957037649,0.7125780587376216
F02,2025-06-24,51.8945347682993,4.8558762251477505,0.7247552389381279
F02,2025-06-25,51.891867491890984,4.856456252611008,0.6405785801820596
F02,2025-06-26,51.8920114535457,4.8568749584086985,0.7267949417285995
F02,2025-06-27,51.892148364654425,4.856323515550122,0.756381988030834
F02,2025-06-28,51.89401561485362,4.85836665076537,0.7034816683447509
F02,2025-06-29,51.89380643935552,4.857666856098441,0.7148326520031
F02,2025-06-30,51.892949885922924,4.856645826452191,0.728492563649718
F02,2025-07-01,51.89190398535239,4.857505852846289,0.689222462795491
F02,2025-07-02,51.891683512464596,4.856148936213681,0.702641826807837
F02,2025-07-03,51.89401005611335,4.8590435061845785,0.6570167553970578
F02,2025-07-04,51.89325043799531,4.8582493142951515,0.6994559831918382
F02,2025-07-05,51.892611294539705,4.855805182956769,0.7086825466966099
F02,2025-07-06,51.893469314475766,4.857712146466127,0.7072587371637171
F02,2025-07-07,51.892928811411025,4.856900481684752,0.7213691307458567
F02,2025-07-08,51.893819353435724,4.856157124109429,0.6633993476977263
F02,2025-07-09,51.89208336227826,4.856134750636096,0.6675144166969671
F02,2025-07-10,51.89294211581978,4.856054964130747,0.7368280103108134
F02,2025-07-11,51.892172900676634,4.85643710158063,0.6715539116984045
F02,2025-07-12,51.89259653452481,4.855655482696453,0.6778074192448929
F02,2025-07-13,51.89294434784918,4.858390160793522,0.6651922828402794
F02,2025-07-14,51.892992634229465,4.858684178287658,0.6376147051980456
F02,2025-07-15,51.894191141043024,4.857920592190105,0.7057136812079148
F02,2025-07-16,51.89293182869978,4.857165357531102,0.6356142195243191
F02,2025-07-17,51.89362094262951,4.856751186533352,0.6117744390833374
F02,2025-07-18,51.89097462210568,4.85763486119696,0.625945136590048
F02,2025-07-19,51.89172607422721,4.856180715914666,0.5730341754867073
F02,2025-07-20,51.89285736680514,4.857047732265303,0.606926200482108
F02,2025-07-21,51.89144506725083,4.85730834870699,0.5905803462605842
F02,2025-07-22,51.89382328251801,4.856014515572591,0.6311054197954535
F02,2025-07-23,51.894129626188,4.855582686317727,0.5851570935821708
F02,2025-07-24,51.89497446700152,4.856731596712374,0.6246093338757764
F02,2025-07-25,51.89300275985397,4.855250823570371,0.6324047471603966
F02,2025-07-26,51.89279500679068,4.857371339320575,0.6062407890297544
F02,2025-07-27,51.89277098075305,4.8565797760658045,0.5686007790066833
F02,2025-07-28,51.89191057833862,4.858273383762394,0.5714759398755769
F02,2025-07-29,51.892887949992144,4.858683609519374,0.513618008169692
F02,2025-07-30,51.89233066050235,4.856708062449485,0.5474461495898384
F02,2025-07-31,51.893672737101745,4.855519882180853,0.5177273151925197
F02,2025-08-01,51.891643679496994,4.85824034211421,0.5564622350604653
F02,2025-08-02,51.891685208927925,4.855323806127554,0.6049400667029253
F02,2025-08-03,51.89472567004522,4.855749039494983,0.5349322214067289
F02,2025-08-04,51.89304126225547,4.857211942335581,0.4524602665902337
F02,2025-08-05,51.89004651454053,4.856875540119689,0.493712866844252
F02,2025-08-06,51.893305556106625,4.857497166524376,0.5006995119528228
F02,2025-08-07,51.89376066354095,4.856755365827952,0.492261201988841
F02,2025-08-08,51.89356964729924,4.856453528074777,0.46049304536410374
F02,2025-08-09,51.89144667544073,4.855845128767175,0.4827345480829542
F02,2025-08-10,51.89139503240195,4.858152443110748,0.43126015046081506
F02,2025-08-11,51.89134256934809,4.857416895983506,0.4335673827809748
F02,2025-08-12,51.89259121866307,4.857040208569406,0.47490658433898086
F02,2025-08-13,51.89422075015234,4.856704429775641,0.41893709827906006
F02,2025-08-14,51.8934687444187,4.857180420494238,0.45970108628283074
F02,2025-08-15,51.892705123951515,4.8594428262672436,0.3969082818791578
F02,2025-08-16,51.89141580111143,4.858431988978294,0.4856796465265559
F02,2025-08-17,51.893513549422636,4.856663332148225,0.40456931823584247
F02,2025-08-18,51.89448646137459,4.855294747030468,0.4164835972203739
F02,2025-08-19,51.892335376199846,4.855934374938587,0.4288546349213966
F02,2025-08-20,51.89326922632202,4.856029793041669,0.3980767114938946
F02,2025-08-21,51.89329020680389,4.856956420727035,0.4158095594349673
F02,2025-08-22,51.89237778891449,4.8575315043888905,0.4256172886938117
F02,2025-08-23,51.89258852123321,4.8560542222997976,0.43441200793717544
F02,2025-08-24,51.89565851584678,4.856655689959828,0.42697107660326594
F02,2025-08-25,51.89063953377699,4.856300758453135,0.39610649925864627
F02,2025-08-26,51.89158986616877,4.857969002758897,0.39530411444276736
F02,2025-08-27,51.89317879551674,4.857541569944647,0.469030515455
F02,2025-08-28,51.89248712039131,4.8568635068958,0.42632325194577797
F02,2025-08-29,51.892486211753535,4.857061663958722,0.369858358059532
F02,2025-08-30,51.89369247629251,4.857478932555362,0.40061724099432344
F02,2025-08-31,51.893357255686766,4.857642416051106,0.38808557939239907
F02,2025-09-01,51.89374158529453,4.857431007184397,0.3950184174736138
F02,2025-09-02,51.893215990929825,4.85833166338405,0.3635458381912644
F02,2025-09-03,51.89219209693914,4.856287114562905,0.3898351528588532
F02,2025-09-04,51.89167122125796,4.857325771706477,0.458706677143374
F02,2025-09-05,51.89100341061593,4.857605011238917,0.4242984038730953
F02,2025-09-06,51.892747949762644,4.858277496842677,0.3351491881323828
F02,2025-09-07,51.89218522554668,4.856939538857439,0.4497272110716792
F02,2025-09-08,51.89397934619044,4.858525992789635,0.44963011500084193
F02,2025-09-09,51.89217699049139,4.857324638375444,0.4102422839117247
F02,2025-09-10,51.89315156183483,4.857516510548478,0.4469708831771224
F02,2025-09-11,51.89259456719783,4.85842424054098,0.4044433013052795
F02,2025-09-12,51.890967439373526,4.856721726908056,0.4212167725932546
F02,2025-09-13,51.89330507358992,4.857600081954806,0.4856926547466
F02,2025-09-14,51.89420990188776,4.858341082536058,0.43829375225692524
F02,2025-09-15,51.892571601231836,4.858442728386388,0.3963447497095029
F02,2025-09-16,51.89214310111337,4.858073744525648,0.45679360746841413
F02,2025-09-17,51.89466766533557,4.858357801249712,0.46283857880985824
F02,2025-09-18,51.89296291324067,4.856811078371084,0.5078802094910044
F02,2025-09-19,51.89132855156089,4.857453396780771,0.47930279639397433
F02,2025-09-20,51.89174192562918,4.8563497224792425,0.47336006228788324
F02,2025-09-21,51.89166639705641,4.8566824648102,0.5246654344288633
F02,2025-09-22,51.89282917344266,4.857416471724022,0.5043947022850247
F02,2025-09-23,51.89225663622173,4.858212140849252,0.48585780221832603
F02,2025-09-24,51.892648937599155,4.856355134709592,0.5507049912659667
F02,2025-09-25,51.89308343512439,4.859106409976401,0.5296491418448883
F02,2025-09-26,51.89319230342368,4.856780001515483,0.531777239014956
F02,2025-09-27,51.89132968150103,4.856923444821884,0.5449209496727804
F02,2025-09-28,51.893092070982235,4.856755276251601,0.5153799488575022
F03,2025-06-01,51.93706297891293,4.916279838026449,0.49503846085277003
F03,2025-06-02,51.93593084045266,4.912713483741636,0.5273993403844665
F03,2025-06-03,51.935406824814265,4.9146756598850985,0.60444669381206
F03,2025-06-04,51.93578917329865,4.913039152319556,0.6116807412025295
F03,2025-06-05,51.934083218089086,4.91354455161708,0.549845760474144
F03,2025-06-06,51.936522025270264,4.915866054056537,0.6043242209506852
F03,2025-06-07,51.93663085332806,4.915343141572829,0.5563718211469035
F03,2025-06-08,51.93563347014112,4.912543631828009,0.6413157383879216
F03,2025-06-09,51.9352590651334,4.9140269498738425,0.6138495438057351
F03,2025-06-10,51.93521723322745,4.914340409151089,0.6421165412297946
F03,2025-06-11,51.93615570547418,4.915138729473958,0.5691180471747233
F03,2025-06-12,51.935436165849914,4.91238195488007,0.6476328824604578
F03,2025-06-13,51.93523140799499,4.914329424682706,0.6335770739376106
F03,2025-06-14,51.936937093636416,4.91371790644353,0.6656211725555727
F03,2025-06-15,51.93622682934268,4.91457580218535,0.673500380489919
F03,2025-06-16,51.935758186247405,4.91521624760504,0.6537372767577382
F03,2025-06-17,51.93505344451753,4.913710527836071,0.6391506667458773
F03,2025-06-18,51.93570238489119,4.913645567780621,0.6856656078355893
F03,2025-06-19,51.93622229800534,4.913572521981348,0.6652423881542202
F03,2025-06-20,51.935940589922026,4.914185541516928,0.6452956083532535
F03,2025-06-21,51.93592921167906,4.913825972890652,0.6479542037427024
F03,2025-06-22,51.93537519741976,4.914381723553712,0.6349595612138879
F03,2025-06-23,51.935916360220446,4.914281512370324,0.6673072348361816
F03,2025-06-24,51.937419648070794,4.913294977366974,0.7186546465354012
F03,2025-06-25,51.93565008191933,4.912712085263598,0.6934748900436065
F03,2025-06-26,51.93608636719295,4.913170467749338,0.6744141189318771
F03,2025-06-27,51.935435975458404,4.913913649960383,0.7162149852228954
F03,2025-06-28,51.93599517684088,4.913732923368169,0.6684472568569914
F03,2025-06-29,51.93511898001659,4.915721570749801,0.6972206346742387
F03,2025-06-30,51.93599885250476,4.913724663433692,0.6894934927368778
F03,2025-07-01,51.93546345204247,4.915931069237986,0.7183608510185122
F03,2025-07-02,51.935479120836035,4.913596437662562,0.6473565689741159
F03,2025-07-03,51.935029289564156,4.913736587804725,0.6684368089113114
F03,2025-07-04,51.93511978799186,4.913006066437365,0.6436495625630887
F03,2025-07-05,51.93459008561734,4.913456393911353,0.6834512851729955
F03,2025-07-06,51.93630585673274,4.913904476998442,0.7256166715848958
F03,2025-07-07,51.935507124025186,4.915555802310969,0.6717429727483234
F03,2025-07-08,51.937009292864225,4.914003589342577,0.6688228948959226
F03,2025-07-09,51.9350834222036,4.913421283972041,0.707144352122696
F03,2025-07-10,51.93640706148399,4.914081007052192,0.7095192766847317
F03,2025-07-11,51.93532779082396,4.913472049710577,0.670906630893252
F03,2025-07-12,51.93494461930527,4.914605772477207,0.6898478512470196
F03,2025-07-13,51.9343988474484,4.915280582979502,0.6323939478656976
F03,2025-07-14,51.93518044107047,4.914136078341463,0.7011043600049587
F03,2025-07-15,51.934377307756144,4.914273348347472,0.7189689936992721
F03,2025-07-16,51.93538596477159,4.914235633686858,0.6645817356175989
F03,2025-07-17,51.93718599461265,4.9144634123315045,0.5805630561542612
F03,2025-07-18,51.93491962653014,4.913574394375168,0.620220437037197
F03,2025-07-19,51.936309416900194,4.915584407576708,0.648970115188553
F03,2025-07-20,51.93599620373504,4.91497442703027,0.6113203345166125
F03,2025-07-21,51.93632402343762,4.915704778699072,0.6552901608236569
F03,2025-07-22,51.933764695541555,4.9149529332250195,0.6277272788007098
F03,2025-07-23,51.93669802175819,4.912946990579579,0.581665255745993
F03,2025-07-24,51.93482861753028,4.913434931537086,0.5964431601315485
F03,2025-07-25,51.93498549551791,4.913803997234779,0.5611352307491442
F03,2025-07-26,51.935956888527336,4.915151388936882,0.5748279825887531
F03,2025-07-27,51.93679560267205,4.913447891224547,0.555924630459509
F03,2025-07-28,51.93486958271558,4.915601536125731,0.5999853589814002
F03,2025-07-29,51.9363610296497,4.914368579127584,0.6203479180789436
F03,2025-07-30,51.93618762238984,4.914255910503863,0.506023880768403
F03,2025-07-31,51.93623887039733,4.913949647589209,0.4833439806482321
F03,2025-08-01,51.93598309064872,4.912775168235345,0.5257772709704448
F03,2025-08-02,51.93502650141946,4.913608703108924,0.47970502406073057
F03,2025-08-03,51.935339895681075,4.913359201030935,0.518823920437642
F03,2025-08-04,51.93518074208846,4.912771300223317,0.5321625544730515
F03,2025-08-05,51.93626298619068,4.914203200766803,0.5468740295496879
F03,2025-08-06,51.934009078106506,4.913450884375168,0.5005666209530476
F03,2025-08-07,51.936050887141846,4.913742692339329,0.48134582248554575
F03,2025-08-08,51.93501734425414,4.914211121608706,0.4205658916351738
F03,2025-08-09,51.93605788324946,4.912849361828675,0.4736613502794201
F03,2025-08-10,51.9362644141955,4.913485421004107,0.4681737933848805
F03,2025-08-11,51.93569635774603,4.914250294145023,0.47858334888790915
F03,2025-08-12,51.935187219596045,4.913262054539584,0.43177801204499683
F03,2025-08-13,51.935428599166194,4.91591104459479,0.43385541719837906
F03,2025-08-14,51.93435261068382,4.91597802730482,0.3967146704589375
F03,2025-08-15,51.93545456454321,4.914321085702803,0.36675341091231756
F03,2025-08-16,51.9346275749029,4.913514444869037,0.3969799572889003
F03,2025-08-17,51.935211376064245,4.913240019314837,0.3781876414803736
F03,2025-08-18,51.93550536775691,4.913878698393908,0.43079496323709554
F03,2025-08-19,51.93756506685672,4.913119740100034,0.40089221538867864
F03,2025-08-20,51.93581697623103,4.914533560567617,0.3963900961666838
F03,2025-08-21,51.934643965165634,4.914972541781167,0.3794749892175718
F03,2025-08-22,51.9353159587014,4.911793324634131,0.3088796239828349
F03,2025-08-23,51.93637413532639,4.913168773401612,0.4483429334244974
F03,2025-08-24,51.934666510768146,4.914973616368607,0.37071803784077356
F03,2025-08-25,51.93536712423187,4.915203486436266,0.38638821107722926
F03,2025-08-26,51.936924451809645,4.913640785825392,0.3535563027053961
F03,2025-08-27,51.93650754821024,4.913530253484322,0.42521516901746803
F03,2025-08-28,51.93794740163141,4.913592757281183,0.39962944800941896
F03,2025-08-29,51.936740373155246,4.915129504311596,0.3702221091911624
F03,2025-08-30,51.93603037353639,4.913615171124298,0.3833507077410362
F03,2025-08-31,51.93556288822234,4.91213212617277,0.44598527121949094
F03,2025-09-01,51.93593870575267,4.914635329616743,0.3943893615348688
F03,2025-09-02,51.93584778513335,4.911312408114422,0.39247868679402986
F03,2025-09-03,51.93444864926919,4.913537623302866,0.3714514053062538
F03,2025-09-04,51.93600594464747,4.914575053191357,0.3450225694333875
F03,2025-09-05,51.935544061922315,4.914920959822319,0.3996249546394499
F03,2025-09-06,51.93468804333898,4.914895949291409,0.41714858374666514
F03,2025-09-07,51.936189027819125,4.914663269018552,0.4437130402265709
F03,2025-09-08,51.9355322452832,4.916116458110546,0.3469863332785774
F03,2025-09-09,51.936207481402775,4.913317378422461,0.38476795323022633
F03,2025-09-10,51.93596259119002,4.915038197662788,0.40553074414693246
F03,2025-09-11,51.93512617711536,4.915374986532646,0.42762085217259943
F03,2025-09-12,51.93609631942,4.9119432359480495,0.4284734333353927
F03,2025-09-13,51.93601395769162,4.913879685131302,0.4345856033558863
F03,2025-09-14,51.93625146552883,4.9152299291259665,0.4561885352101148
F03,2025-09-15,51.935909447761425,4.9159509665196595,0.42283790624477935
F03,2025-09-16,51.93553557882972,4.9149105321087685,0.4842169474188651
F03,2025-09-17,51.93651922828792,4.914188368316822,0.4756998038482734
F03,2025-09-18,51.93649306002226,4.913691041298552,0.4598341844859582
F03,2025-09-19,51.935291717295264,4.912973225595378,0.524399943485369
F03,2025-09-20,51.93595569483065,4.914610965961569,0.530200012698245
F03,2025-09-21,51.93689354887286,4.915076854290071,0.5188006107277413
F03,2025-09-22,51.93542949015764,4.91310753459838,0.4077142921929575
F03,2025-09-23,51.9361471361168,4.915396467458129,0.5532268354468368
F03,2025-09-24,51.93646947068809,4.915370191810572,0.5373978201238762
F03,2025-09-25,51.93550239618308,4.913819095317539,0.5815315480407725
F03,2025-09-26,51.93497738436205,4.914229817819101,0.566313397766579
F03,2025-09-27,51.93563569491832,4.914492391914254,0.5844339782553493
F03,2025-09-28,51.93558498825725,4.914152086555988,0.5713596455054114
F04,2025-06-01,51.979734076630116,4.971608910119236,0.5191991784108357
F04,2025-06-02,51.977228219180844,4.970469216467923,0.5786648724761142
F04,2025-06-03,51.97738943304953,4.970890627462238,0.5606060818527385
F04,2025-06-04,51.97838852700401,4.97026312990235,0.5609273930620573
F04,2025-06-05,51.98004209056208,4.970103290056619,0.5515220579528058
F04,2025-06-06,51.97991753199529,4.972613734460011,0.5416841240229701
F04,2025-06-07,51.979469731121114,4.970734804821075,0.6284679304664892
F04,2025-06-08,51.9789138794506,4.970151200295021,0.6133254111720273
F04,2025-06-09,51.97948233560646,4.971354586647036,0.5552749330918091
F04,2025-06-10,51.97816210835684,4.970204826581916,0.6340215652925882
F04,2025-06-11,51.9760939224528,4.970390030571536,0.6457452826971928
F04,2025-06-12,51.97968422676704,4.971025738000097,0.6285350530717391
F04,2025-06-13,51.978402099714316,4.97208412578686,0.6792506227206986
F04,2025-06-14,51.98037709744954,4.972753576083517,0.644064889695534
F04,2025-06-15,51.97759909356761,4.969486000857134,0.601049640708508
F04,2025-06-16,51.98093104283053,4.973697563040231,0.6602188061049453
F04,2025-06-17,51.97875988216786,4.97015808318299,0.6620224749701367
F04,2025-06-18,51.97953465510532,4.971320587742559,0.6416758169068598
F04,2025-06-19,51.97845844744832,4.972323030271677,0.681753788242697
F04,2025-06-20,51.9789058033183,4.970242756517557,0.618949198973357
F04,2025-06-21,51.978246686636346,4.972089724357233,0.7027757755097167
F04,2025-06-22,51.97908168079383,4.97169058800293,0.6504308425950958
F04,2025-06-23,51.9795048515259,4.971066854440754,0.6505675858695625
F04,2025-06-24,51.978750098346644,4.968052992328394,0.6796591419839456
F04,2025-06-25,51.978121778377584,4.972192474337147,0.6986291838937526
F04,2025-06-26,51.97818103410431,4.970962344036854,0.6927248720173713
F04,2025-06-27,51.97752997561965,4.972431937321301,0.6672895321043217
F04,2025-06-28,51.97911989184497,4.972253986026395,0.6757388767729364
F04,2025-06-29,51.97684521460947,4.971268121385306,0.6578688560229314
F04,2025-06-30,51.97829131756368,4.971147999721973,0.6856420068697472
F04,2025-07-01,51.97795540102771,4.9710824671567915,0.724737568686189
F04,2025-07-02,51.97942107335413,4.969515720075224,0.6920455319723846
F04,2025-07-03,51.98034872333946,4.971912412553598,0.7172251689285347
F04,2025-07-04,51.978529096675764,4.9723354055749445,0.7339589724677105
F04,2025-07-05,51.97711959382626,4.97076387052342,0.6710986312561646
F04,2025-07-06,51.97845035313904,4.972794131799004,0.6811766488842621
F04,2025-07-07,51.9785249319903,4.971878626099756,0.7495421748698041
F04,2025-07-08,51.97798184957549,4.971915413497539,0.7249737154011906
F04,2025-07-09,51.9802486681644,4.972424098120245,0.6283204836228015
F04,2025-07-10,51.97848997258365,4.972104062275837,0.6865772394128999
F04,2025-07-11,51.979148945526035,4.971935159100269,0.6710805626815066
F04,2025-07-12,51.97968338193229,4.972533049132409,0.6915999989512859
F04,2025-07-13,51.97844426997455,4.972070450490049,0.6398532210674843
F04,2025-07-14,51.978188333650266,4.970505499032256,0.6320768788259762
F04,2025-07-15,51.978301934815725,4.971352293276832,0.6317256834223524
F04,2025-07-16,51.97690984758225,4.972288903987988,0.6292874054959842
F04,2025-07-17,51.975804103148825,4.9741433883680575,0.6650527297988157
F04,2025-07-18,51.980073307705226,4.971167562704399,0.5990313097146642
F04,2025-07-19,51.97858085493199,4.971731543302159,0.6094069385396937
F04,2025-07-20,51.97798226818344,4.971621190576158,0.5677944527165603
F04,2025-07-21,51.978427428593726,4.971334298711341,0.6448377388985252
F04,2025-07-22,51.97875288963491,4.9701150436302175,0.645713463850568
F04,2025-07-23,51.97861099829556,4.971592019175189,0.5905473178430535
F04,2025-07-24,51.97870027819278,4.971212740673136,0.5840367348640143
F04,2025-07-25,51.9797092863474,4.97107491887369,0.5990468844368039
F04,2025-07-26,51.97879875447825,4.972725868962497,0.6220399891624742
F04,2025-07-27,51.978492052431406,4.971643034696039,0.5823207500994031
F04,2025-07-28,51.97847504393511,4.972665941222135,0.5413162467001557
F04,2025-07-29,51.97831370400984,4.97271192600586,0.5058028792144206
F04,2025-07-30,51.97846784067678,4.970569111705124,0.513005742885571
F04,2025-07-31,51.979250801742005,4.971123903594816,0.5407370527438986
F04,2025-08-01,51.979191929470524,4.968699167043648,0.5109726179299625
F04,2025-08-02,51.97857663383332,4.970968966129814,0.5286065262053139
F04,2025-08-03,51.9775081698849,4.970875330426732,0.4983498518404275
F04,2025-08-04,51.97799772542714,4.971380585633721,0.4754500781200413
F04,2025-08-05,51.97720410211014,4.971744845208831,0.46423882368809105
F04,2025-08-06,51.979937643356635,4.971709499925519,0.5388954194727861
F04,2025-08-07,51.97938041718066,4.972523133883185,0.5113101117065424
F04,2025-08-08,51.979807918083615,4.973298710121393,0.5293329776872051
F04,2025-08-09,51.978072226573154,4.97071008744341,0.4865743228264992
F04,2025-08-10,51.97935489421975,4.972136837648229,0.45063543330995154
F04,2025-08-11,51.97934710387104,4.973317853882822,0.49661487213622496
F04,2025-08-12,51.978582798480225,4.971854727988218,0.4495406150500165
F04,2025-08-13,51.97759104031994,4.973563892552548,0.45103224831416544
F04,2025-08-14,51.97823488365022,4.97112035550041,0.4372700067457974
F04,2025-08-15,51.97822467868042,4.970783675569927,0.34458506854031906
F04,2025-08-16,51.97784199152258,4.970904867145682,0.4758769203816494
F04,2025-08-17,51.977205632643376,4.9706432535083085,0.4375275342866967
F04,2025-08-18,51.98052039168287,4.972164226572213,0.4280882862005325
F04,2025-08-19,51.97949733274815,4.972605780215988,0.41208295522056754
F04,2025-08-20,51.98040556313579,4.969657148877127,0.4149400446805114
F04,2025-08-21,51.97734154545614,4.970624847767676,0.3885890125274407
F04,2025-08-22,51.978101698774935,4.971128002037986,0.42185396752742604
F04,2025-08-23,51.97812445101862,4.9716478803417035,0.3613806606300969
F04,2025-08-24,51.97860672396217,4.970705736633393,0.4038082064981936
F04,2025-08-25,51.97639587979444,4.970435702723193,0.41310801728985963
F04,2025-08-26,51.978022189918114,4.971181491991763,0.38874299364938836
F04,2025-08-27,51.97744176111212,4.970937764962075,0.40468329248837975
F04,2025-08-28,51.97744044118294,4.971302752077023,0.3630865481312717
F04,2025-08-29,51.97749833724306,4.970579666772201,0.36353826462225947
F04,2025-08-30,51.97726274444044,4.971275070733002,0.3997191097121487
F04,2025-08-31,51.97770498080148,4.972335355695247,0.41349636319437644
F04,2025-09-01,51.97897727883812,4.971358719560388,0.33783247482625584
F04,2025-09-02,51.977773943074084,4.9718090917338875,0.41109131197583004
F04,2025-09-03,51.97926212946078,4.971571259840773,0.3808968048791416
F04,2025-09-04,51.98017513042689,4.9718882087466465,0.39357582132833424
F04,2025-09-05,51.979485035789,4.971562136844107,0.3617405771398791
F04,2025-09-06,51.97924709302468,4.9706317901959025,0.37933551317132536
F04,2025-09-07,51.97811303020821,4.971777934982054,0.4372092660626501
F04,2025-09-08,51.978913528052985,4.971936183251515,0.4129271305329735
F04,2025-09-09,51.979671821463704,4.9700036002567565,0.40453749098963043
F04,2025-09-10,51.97759697602382,4.971658144069646,0.4169583262846949
F04,2025-09-11,51.977847064939624,4.974806339669861,0.4399016323697245
F04,2025-09-12,51.9790871481906,4.971350240579642,0.4435392789661454
F04,2025-09-13,51.978055959298345,4.970948409145379,0.43348545391460036
F04,2025-09-14,51.978601569232744,4.9715405533611925,0.47423442677991656
F04,2025-09-15,51.978114729426736,4.971155419182051,0.4765505786753526
F04,2025-09-16,51.97991571314666,4.972813076391223,0.4660938650257661
F04,2025-09-17,51.97882346255136,4.970087311701334,0.46183458408459105
F04,2025-09-18,51.97910993172807,4.972982853870183,0.4866487852633868
F04,2025-09-19,51.97994120967339,4.972162997281381,0.4833007263827371
F04,2025-09-20,51.979993851526714,4.971481955701051,0.5128315337852705
F04,2025-09-21,51.97919953154126,4.970747795862247,0.5153005913740764
F04,2025-09-22,51.97886369402758,4.972758105672542,0.46522337826745946
F04,2025-09-23,51.977982005159944,4.970567127999107,0.47077958754304633
F04,2025-09-24,51.978668917510454,4.971201909224847,0.49001757811759583
F04,2025-09-25,51.9792205762925,4.970975311902625,0.548123449611392
F04,2025-09-26,51.98028986818703,4.97013889533061,0.4794001901114354
F04,2025-09-27,51.979825163357646,4.970663722200263,0.5464264196036704
F04,2025-09-28,51.97677544583684,4.97166644658492,0.5533762927327889
F05,2025-06-01,52.022726487934236,5.029834005978393,0.5323617604195835
F05,2025-06-02,52.02137106845978,5.028095943830239,0.5146280210324785
F05,2025-06-03,52.020764738325745,5.028330365348963,0.5053692332339692
F05,2025-06-04,52.02099453807425,5.029125055980787,0.563409887472472
F05,2025-06-05,52.02184888124606,5.029163229762574,0.6007200422989966
F05,2025-06-06,52.022687855140006,5.030434297692828,0.5966901221272959
F05,2025-06-07,52.02155323482198,5.029670892342824,0.5884302041551868
F05,2025-06-08,52.02107691124474,5.0297564355550115,0.608551677124605
F05,2025-06-09,52.02249008058575,5.029579844541371,0.6006760443975723
F05,2025-06-10,52.02152264126976,5.0279030704074374,0.5657355689803873
F05,2025-06-11,52.02003404299071,5.028531391363908,0.5729440280334961
F05,2025-06-12,52.02296158397082,5.028261583670065,0.6162087135331707
F05,2025-06-13,52.022213698014035,5.029415379971947,0.6239876972571635
F05,2025-06-14,52.02114488520765,5.029887773408948,0.6605927807870504
F05,2025-06-15,52.01851991068409,5.02734867829269,0.663773473260226
F05,2025-06-16,52.02051293913221,5.027751713548561,0.6649177265462641
F05,2025-06-17,52.02176483437976,5.028861466374482,0.6437670745264393
F05,2025-06-18,52.02182256200075,5.029167510065561,0.6158551572669003
F05,2025-06-19,52.02047846685943,5.027353252504621,0.6744091572483548
F05,2025-06-20,52.02182489111058,5.027941196497782,0.6822342363569478
F05,2025-06-21,52.0198580963832,5.02954277285597,0.5989028268121024
F05,2025-06-22,52.022823673335076,5.030128589461127,0.6492443481057795
F05,2025-06-23,52.021615579150044,5.029197360667402,0.6568843383012566
F05,2025-06-24,52.022798439651936,5.027930012781405,0.684124391186873
F05,2025-06-25,52.022539249112626,5.028846824805572,0.6590391830694726
F05,2025-06-26,52.02234228308092,5.028757521592304,0.6841631130448291
F05,2025-06-27,52.02272482813832,5.02879495233397,0.6807532588669033
F05,2025-06-28,52.01994459236911,5.030023355203743,0.6836470713625612
F05,2025-06-29,52.0204810406876,5.029824486781672,0.6678682976332329
F05,2025-06-30,52.02133832854713,5.029747439556626,0.6707128522966429
F05,2025-07-01,52.02256334004344,5.029001571545744,0.6575789204574408
F05,2025-07-02,52.0219371067462,5.028994057188621,0.7010754433189158
F05,2025-07-03,52.01941474667229,5.0286897587903265,0.7060758201434921
F05,2025-07-04,52.0203125072525,5.028742615715174,0.6646783938321645
F05,2025-07-05,52.02028562888219,5.027386476630203,0.7318583897077849
F05,2025-07-06,52.02303350593033,5.029640875959553,0.6748358030526614
F05,2025-07-07,52.02142442884363,5.028756197221678,0.727811957751826
F05,2025-07-08,52.02118065540283,5.029141304947408,0.659879597826844
F05,2025-07-09,52.02075251706202,5.029565168834297,0.6151952860991888
F05,2025-07-10,52.02117548458756,5.028151581575597,0.6845287246784432
F05,2025-07-11,52.021450284447056,5.0279802817415025,0.6760201160648853
F05,2025-07-12,52.02175725377807,5.028034065982115,0.6653382194847504
F05,2025-07-13,52.02189709503139,5.0297874351103395,0.6404356097387163
F05,2025-07-14,52.02070924974176,5.028440853114133,0.6537279632226217
F05,2025-07-15,52.02188990214161,5.028135571216447,0.6341700211450747
F05,2025-07-16,52.021892891989395,5.02912682743208,0.6348747748919846
F05,2025-07-17,52.02251183320487,5.027965438525343,0.6633419724674975
F05,2025-07-18,52.02048579618834,5.0282638511818645,0.6374938617950333
F05,2025-07-19,52.020460819089024,5.029135926775476,0.6438838971584326
F05,2025-07-20,52.0202668201284,5.030904444989681,0.6120087692328297
F05,2025-07-21,52.02272449929015,5.028584004341028,0.6018636838220107
F05,2025-07-22,52.02229596592157,5.026934626707118,0.5704780849409745
F05,2025-07-23,52.02395194475997,5.027981213959228,0.5867584223919211
F05,2025-07-24,52.02130807401467,5.02671549528424,0.4908417791407367
F05,2025-07-25,52.02191485873331,5.027465084414351,0.5652435683791479
F05,2025-07-26,52.02153022719014,5.0280271541385035,0.5728493036254012
F05,2025-07-27,52.020350827493644,5.027767067069666,0.5844726373005902
F05,2025-07-28,52.02165435946266,5.027289937598559,0.5516821686486604
F05,2025-07-29,52.02067975975755,5.029234701952693,0.5622977626413638
F05,2025-07-30,52.024031051303446,5.029049017390982,0.4785658709237682
F05,2025-07-31,52.02051130978639,5.028204314401356,0.5343353636683161
F05,2025-08-01,52.02146016043473,5.028222003620793,0.47774735983858424
F05,2025-08-02,52.02233162959531,5.028788902054442,0.48400838955581105
F05,2025-08-03,52.022336423813485,5.028256984781131,0.5068226058915987
F05,2025-08-04,52.02275407164829,5.028404942987147,0.5429823906950803
F05,2025-08-05,52.02045738155943,5.030748748952471,0.5081859755357849
F05,2025-08-06,52.01960359368161,5.027832689846123,0.4900717141057026
F05,2025-08-07,52.020801543576745,5.031079734844485,0.48155456754702003
F05,2025-08-08,52.02323543031272,5.03006535671507,0.4535085723362323
F05,2025-08-09,52.021097912766194,5.03099760657527,0.4515562934026656
F05,2025-08-10,52.02179692343241,5.029548691941732,0.4738564569325206
F05,2025-08-11,52.02160826680968,5.028521962000105,0.41285382890819194
F05,2025-08-12,52.021176792754645,5.028361788578009,0.46582427659936015
F05,2025-08-13,52.02203706307725,5.028938628370204,0.4302517831918893
F05,2025-08-14,52.021397100058365,5.030080952564127,0.46082145036414995
F05,2025-08-15,52.01846181835983,5.02908131581935,0.459324998835802
F05,2025-08-16,52.022146310135234,5.029718391439683,0.3750423496376316
F05,2025-08-17,52.02136369998752,5.028779348638812,0.40284999301114754
F05,2025-08-18,52.02241451981189,5.030062594975709,0.3900277637362585
F05,2025-08-19,52.0211280354434,5.028838404354556,0.3570543981364901
F05,2025-08-20,52.02310714539292,5.02644740149555,0.3765612117826451
F05,2025-08-21,52.02073855882876,5.030037264550032,0.47724505596078837
F05,2025-08-22,52.02252110926218,5.029093873782355,0.4191418838445811
F05,2025-08-23,52.020979974555466,5.027689610072443,0.45561225002024347
F05,2025-08-24,52.02083735580933,5.030119436792247,0.42059910672462725
F05,2025-08-25,52.02080012873942,5.028672851535668,0.37150551834247225
F05,2025-08-26,52.02067486378371,5.029414202601528,0.38074993176385413
F05,2025-08-27,52.020889845148226,5.028473834681274,0.40871034412145824
F05,2025-08-28,52.01974518929553,5.0269580603352235,0.40345176600249033
F05,2025-08-29,52.021436244621896,5.027246271416231,0.3726928072778884
F05,2025-08-30,52.023533658067905,5.026509905459316,0.3448178009639807
F05,2025-08-31,52.02062839612991,5.028588129438696,0.48927270917740706
F05,2025-09-01,52.02106343849078,5.027467283114764,0.387343954321023
F05,2025-09-02,52.02047064358908,5.027580774493929,0.38315852612702844
F05,2025-09-03,52.02114184973375,5.030523357660946,0.3980928838075908
F05,2025-09-04,52.02150650872513,5.029754329060816,0.38957814626822573
F05,2025-09-05,52.0219355477744,5.029685290969411,0.40310798207799475
F05,2025-09-06,52.018628607125976,5.0282669705502805,0.44099244896041917
F05,2025-09-07,52.022735706851726,5.027999692748679,0.40198905190614803
F05,2025-09-08,52.02319104459344,5.030055318725196,0.37455991613373424
F05,2025-09-09,52.020959440712446,5.028068265052382,0.40867152920655886
F05,2025-09-10,52.02041496558622,5.027941834339565,0.40402092342132867
F05,2025-09-11,52.020195982364406,5.029000239751862,0.46544224574720106
F05,2025-09-12,52.01997252493523,5.029175161587618,0.46295801602337244
F05,2025-09-13,52.02205665012547,5.026910224166245,0.43646201393942835
F05,2025-09-14,52.0229783900349,5.029085037865844,0.4005835778084388
F05,2025-09-15,52.022178269450016,5.0278127633698855,0.40815993166495423
F05,2025-09-16,52.02205095054705,5.02969782202115,0.4516464019993909
F05,2025-09-17,52.021329963029565,5.030573351030677,0.46778591967692734
F05,2025-09-18,52.021472636063486,5.029712214371881,0.45319046783001893
F05,2025-09-19,52.021721580235834,5.029156950104285,0.45696761620248455
F05,2025-09-20,52.01975723916094,5.028942482309644,0.4607235546357326
F05,2025-09-21,52.02069359632731,5.027725030265651,0.48511193126460866
F05,2025-09-22,52.023172674613036,5.028357658323366,0.42178812474779936
F05,2025-09-23,52.020425269597595,5.02821229694332,0.46781868380220626
F05,2025-09-24,52.02012812119965,5.0300053130396245,0.4897435390862976
F05,2025-09-25,52.02073289068441,5.029100728505372,0.5525643847579419
F05,2025-09-26,52.022784678142784,5.0280712758902135,0.4997750507567049
F05,2025-09-27,52.02196059386085,5.027541342516524,0.5374977421853668
F05,2025-09-28,52.023874340997686,5.029507808706045,0.5467962825279299
F06,2025-06-01,52.064723086959894,5.085150437382426,0.531721806837176
F06,2025-06-02,52.06196029413158,5.08547697348009,0.5222312901429006
F06,2025-06-03,52.065313673287974,5.085322237931618,0.5498906434002384
F06,2025-06-04,52.0643140345494,5.086135645968592,0.5509611994200702
F06,2025-06-05,52.06327042191147,5.086337521610925,0.6275332721702672
F06,2025-06-06,52.06592283607572,5.085541472362392,0.5398754756682556
F06,2025-06-07,52.063156649863885,5.085647684687263,0.5882730473887149
F06,2025-06-08,52.06206133017711,5.086051188978262,0.5911361079290618
F06,2025-06-09,52.06473798866337,5.087389922008131,0.595470159358562
F06,2025-06-10,52.06409171949315,5.086122771052432,0.6028687966231483
F06,2025-06-11,52.06342442618333,5.085357858593761,0.609588723286585
F06,2025-06-12,52.062760528849054,5.085519496093002,0.6459957513926742
F06,2025-06-13,52.0639804051322,5.0860134854803745,0.6445768292429188
F06,2025-06-14,52.063662117405386,5.085797631065261,0.6451306487730311
F06,2025-06-15,52.06395233423011,5.085382786325986,0.5475346656826255
F06,2025-06-16,52.06436607661168,5.085754808656603,0.6532575822983907
F06,2025-06-17,52.065046888324765,5.085593642680156,0.6000063751136523
F06,2025-06-18,52.06393582893659,5.085533478269198,0.6741643272642792
F06,2025-06-19,52.063571050168875,5.085354374620719,0.7037819441634896
F06,2025-06-20,52.06631687299879,5.084801606953589,0.6361919835814263
F06,2025-06-21,52.06400705795184,5.085326797051016,0.6602053490161518
F06,2025-06-22,52.06403854267347,5.085383046405407,0.6537938225516695
F06,2025-06-23,52.06456495438694,5.084004110612893,0.7121789228957776
F06,2025-06-24,52.06532288575825,5.086346868513927,0.6809247217113321
F06,2025-06-25,52.06304284269965,5.083445208441333,0.7324898774694335
F06,2025-06-26,52.063308642139575,5.085471619252858,0.69521977619799
F06,2025-06-27,52.066866006184405,5.08625754267926,0.6918428124965676
F06,2025-06-28,52.062478124636534,5.085024630209385,0.6879677589867781
F06,2025-06-29,52.064232501849446,5.085967969268584,0.7113998894219754
F06,2025-06-30,52.06297096542541,5.085579295486308,0.6352518179712829
F06,2025-07-01,52.063568075148105,5.084610527151683,0.690047250916477
F06,2025-07-02,52.06454530993241,5.086488162887728,0.685072026789862
F06,2025-07-03,52.06512675556268,5.086288672065419,0.708205306100484
F06,2025-07-04,52.063788344752574,5.086428835475749,0.6796658841597036
F06,2025-07-05,52.06459476872382,5.085848227597237,0.6525771538023936
F06,2025-07-06,52.06367402116401,5.085217409586944,0.681994366723514
F06,2025-07-07,52.06435960122184,5.088154160181271,0.6469211731718789
F06,2025-07-08,52.06458695676581,5.085103097212035,0.6188855466641676
F06,2025-07-09,52.06345332484075,5.085222519101629,0.6953062938417368
F06,2025-07-10,52.06646300773327,5.085315029068339,0.6873346371119129
F06,2025-07-11,52.06519258482033,5.085338357468814,0.680076491231123
F06,2025-07-12,52.064546898827,5.086506030988295,0.7008942582838973
F06,2025-07-13,52.0637138114359,5.085073174060133,0.6372516273829183
F06,2025-07-14,52.06594458398017,5.086698878609181,0.6093317057040587
F06,2025-07-15,52.06507638660441,5.086501562007408,0.6449069115769193
F06,2025-07-16,52.06474528977403,5.08773206152746,0.6310202528907599
F06,2025-07-17,52.06432962258759,5.086291548081486,0.6103241332914432
F06,2025-07-18,52.06283480135712,5.084889325027694,0.6270718703044967
F06,2025-07-19,52.06308489528588,5.086988349297801,0.6047372011523358
F06,2025-07-20,52.06173317413369,5.085311975691533,0.5613846659308985
F06,2025-07-21,52.06129200768306,5.084882997818804,0.5963889034723412
F06,2025-07-22,52.063794765335984,5.08709915680808,0.5684913058665181
F06,2025-07-23,52.06468234222494,5.084881144190956,0.6023089629172947
F06,2025-07-24,52.06535167800545,5.085732117968815,0.5682941730611913
F06,2025-07-25,52.064323281144425,5.084511614206513,0.6137991715925485
F06,2025-07-26,52.063295700571814,5.08488918841434,0.6209215109591625
F06,2025-07-27,52.064332175558874,5.085792171441266,0.5854438688628428
F06,2025-07-28,52.06582980694924,5.086099340882223,0.5107117195149095
F06,2025-07-29,52.06157814859205,5.085976927702157,0.594523436340385
F06,2025-07-30,52.06283569792955,5.084748314789674,0.5887311442766885
F06,2025-07-31,52.06347354481399,5.085050947390773,0.534104184573763
F06,2025-08-01,52.06291056489368,5.085917767717738,0.5653202284360523
F06,2025-08-02,52.06287491200062,5.086070953321535,0.5012072408841908
F06,2025-08-03,52.06652268536278,5.084384926655352,0.4539501942820268
F06,2025-08-04,52.06400120398138,5.083190828351773,0.4793859379002258
F06,2025-08-05,52.06398477899275,5.086357002866917,0.5464287986130258
F06,2025-08-06,52.06500635351708,5.08579164944457,0.4422923864832449
F06,2025-08-07,52.06517497771048,5.088260340250228,0.47962611768897795
F06,2025-08-08,52.065998018973154,5.0851917647848754,0.4734417559325727
F06,2025-08-09,52.06283461029925,5.085308134297712,0.4499865684848118
F06,2025-08-10,52.0633387315201,5.08616563326215,0.4452295275732832
F06,2025-08-11,52.063104520746286,5.085641463281695,0.45408211848861285
F06,2025-08-12,52.065123728340254,5.0856135898414685,0.4286677848328277
F06,2025-08-13,52.06333940046297,5.086889099771871,0.3967452402904169
F06,2025-08-14,52.062406733340964,5.085386490658408,0.44000569640636666
F06,2025-08-15,52.06424405426233,5.085730194372685,0.46019319259218866
F06,2025-08-16,52.06446621034179,5.086324725534095,0.4488220455724064
F06,2025-08-17,52.064250306846674,5.085346227432142,0.3935053518862697
F06,2025-08-18,52.063878124941056,5.085102769912247,0.375656756913147
F06,2025-08-19,52.065073257610045,5.085067757234809,0.400410600624041
F06,2025-08-20,52.06513248539473,5.085733284796545,0.4520709553627974
F06,2025-08-21,52.06376445947886,5.086332692930029,0.4208753229716145
F06,2025-08-22,52.06355826036099,5.086352469755013,0.4194755272620349
F06,2025-08-23,52.06449844040691,5.085117961025193,0.4222893195156357
F06,2025-08-24,52.06481434910105,5.086260875439974,0.40584915039963476
F06,2025-08-25,52.06544323389153,5.086680432726695,0.39487906960113384
F06,2025-08-26,52.06477698830644,5.084586694763076,0.40957227456351447
F06,2025-08-27,52.06673430127389,5.084310669503213,0.37217227558770843
F06,2025-08-28,52.06523497746,5.086145569531172,0.3453926895573096
F06,2025-08-29,52.06311157191323,5.085589984775407,0.40920297578786813
F06,2025-08-30,52.06420696139947,5.087019868430096,0.42474973925383364
F06,2025-08-31,52.063572403385436,5.085452340707861,0.35459291537506393
F06,2025-09-01,52.061949644680695,5.087449048507409,0.4137360889637841
F06,2025-09-02,52.063215246042695,5.086041196578525,0.44085366432415274
F06,2025-09-03,52.06418430645599,5.085616284747502,0.3921254638377181
F06,2025-09-04,52.065095576270586,5.087385548174589,0.3698199384053042
F06,2025-09-05,52.06453720795566,5.086369363731916,0.4006166750526329
F06,2025-09-06,52.06461460582244,5.086731817138216,0.38336801133090553
F06,2025-09-07,52.063822797906234,5.086789676268702,0.3847236029980487
F06,2025-09-08,52.06539621415136,5.0867968227229685,0.4199367513317134
F06,2025-09-09,52.06362556641838,5.085545948080048,0.36290895879002033
F06,2025-09-10,52.0645251812745,5.084343443669456,0.37213510918885917
F06,2025-09-11,52.0658806344938,5.085702009180784,0.4208040040410138
F06,2025-09-12,52.064569642173325,5.085137281274558,0.42465518791387236
F06,2025-09-13,52.06295883672635,5.085110255828811,0.44104290123770246
F06,2025-09-14,52.064504918473354,5.0863877145270395,0.49270241510751817
F06,2025-09-15,52.06444750582632,5.086061009730527,0.4455721206504273
F06,2025-09-16,52.06394868791104,5.086210534280531,0.4666378686618981
F06,2025-09-17,52.0657685471521,5.086419075156725,0.42593024252885
F06,2025-09-18,52.06509525617397,5.0860083021135924,0.4849672823152967
F06,2025-09-19,52.06278255921612,5.0846696191836545,0.4530809777753812
F06,2025-09-20,52.06474059008638,5.085703346662325,0.4781501566085248
F06,2025-09-21,52.06472555717219,5.087390709132129,0.4800482913198522
F06,2025-09-22,52.065011750284945,5.086973171920028,0.5217602223574123
F06,2025-09-23,52.06438039567519,5.084907070036801,0.45905918603404755
F06,2025-09-24,52.0642278481265,5.084909533900566,0.4375579054112669
F06,2025-09-25,52.06584400924249,5.086504676790821,0.5074363079967467
F06,2025-09-26,52.064806226782345,5.086950228916513,0.5357453977217266
F06,2025-09-27,52.062265657871194,5.086302423665628,0.5341517792046557
F06,2025-09-28,52.062975068501416,5.085707030015819,0.5744661271224174
F07,2025-06-01,52.10837350294703,5.144077858052639,0.5256487722259836
F07,2025-06-02,52.10670950658777,5.142486372260483,0.5627684004324779
F07,2025-06-03,52.1070705096677,5.142909163507583,0.5576561586542559
F07,2025-06-04,52.10727003106205,5.143415374964022,0.5990142262989693
F07,2025-06-05,52.10697023078985,5.143800336160621,0.5483880207223035
F07,2025-06-06,52.10758880491998,5.1422501794112705,0.5954149490237011
F07,2025-06-07,52.10847796981066,5.14149888587102,0.5865957011969737
F07,2025-06-08,52.107050691332034,5.143824060258218,0.5401275418259265
F07,2025-06-09,52.10641978403794,5.143166698503911,0.568933974613217
F07,2025-06-10,52.107686196739856,5.141996618989162,0.5991309552656334
F07,2025-06-11,52.10707037942326,5.142700639026934,0.6439396210869512
F07,2025-06-12,52.106591119291025,5.145158817709194,0.6312154611294246
F07,2025-06-13,52.10637975078941,5.143862073151211,0.5887822711317243
F07,2025-06-14,52.106750056125975,5.141770506668258,0.6258538135904327
F07,2025-06-15,52.10724567138601,5.143506236241531,0.6965885400107744
F07,2025-06-16,52.10806336671792,5.144419407967798,0.6451004361187215
F07,2025-06-17,52.11008810343279,5.143107657060899,0.6373557886665829
F07,2025-06-18,52.10647976496903,5.143310017183938,0.6670269115928911
F07,2025-06-19,52.10687664419245,5.143783108986995,0.6799488155238332
F07,2025-06-20,52.105845692846486,5.145225477399544,0.647794106534681
F07,2025-06-21,52.10799890523763,5.141173138839347,0.6806360139175761
F07,2025-06-22,52.10643382824054,5.143673223901257,0.659407808803135
F07,2025-06-23,52.10831920119902,5.141584905229911,0.6941957976779566
F07,2025-06-24,52.107855882993285,5.140909802984481,0.6806646798923084
F07,2025-06-25,52.107053521277386,5.143969189699247,0.6925990308640302
F07,2025-06-26,52.10659134141275,5.141350220558005,0.6575316437245432
F07,2025-06-27,52.107289071939235,5.142252423990508,0.6574307155553073
F07,2025-06-28,52.10777241550892,5.141971816424925,0.7117864746484749
F07,2025-06-29,52.106370220253204,5.140836140536267,0.6819782350026904
F07,2025-06-30,52.10731280185391,5.142696237918867,0.6934334461816241
F07,2025-07-01,52.10595447247211,5.143050941570911,0.6757950694382661
F07,2025-07-02,52.1081699274435,5.142641574913724,0.7116352233221102
F07,2025-07-03,52.10741102409268,5.143130454106728,0.6657084418848613
F07,2025-07-04,52.10593852731567,5.144913728677851,0.6787288951388981
F07,2025-07-05,52.10667200731273,5.143513259059003,0.7048189712083676
F07,2025-07-06,52.107912072420085,5.142717547730028,0.7144628774508509
F07,2025-07-07,52.10774965216791,5.1431029620789595,0.6611936103071288
F07,2025-07-08,52.105725217385626,5.142524870155893,0.7329339325004687
F07,2025-07-09,52.1065303062405,5.142395397815797,0.6803898702079804
F07,2025-07-10,52.10583885396502,5.1439835765738895,0.6361749420768106
F07,2025-07-11,52.10874484979747,5.143835145833141,0.6746353243690147
F07,2025-07-12,52.108413386367005,5.142512508020135,0.6478164291910191
F07,2025-07-13,52.10650660030787,5.142078555810332,0.6677246387075313
F07,2025-07-14,52.10778692206581,5.143084205910287,0.6484794425573861
F07,2025-07-15,52.107065635431255,5.144152291401339,0.6467360155868649
F07,2025-07-16,52.10754779849667,5.142018485219623,0.6115974605843527
F07,2025-07-17,52.106461948313715,5.143539136156398,0.662794841716036
F07,2025-07-18,52.10818458999551,5.143408823089399,0.5922835238945996
F07,2025-07-19,52.109039745890726,5.144492150022875,0.5873224086763235
F07,2025-07-20,52.10758389297771,5.142018562197662,0.624985634906028
F07,2025-07-21,52.10583286963112,5.142469761112128,0.6552095316114931
F07,2025-07-22,52.10789607058927,5.1446837899364555,0.5895047679557016
F07,2025-07-23,52.10756030417726,5.144025865651375,0.613888690450086
F07,2025-07-24,52.106897549656665,5.143479911982371,0.6176754211143173
F07,2025-07-25,52.10796621397233,5.14087754858129,0.602390760487139
F07,2025-07-26,52.10672941834048,5.143806843241421,0.560969280265916
F07,2025-07-27,52.107417325478494,5.141660627808992,0.5298310261566633
F07,2025-07-28,52.104712734767126,5.1424913621118415,0.48851607800426833
F07,2025-07-29,52.10707127144996,5.141973219907315,0.5389823413901419
F07,2025-07-30,52.10728594207988,5.143363529604376,0.5743021518223408
F07,2025-07-31,52.10781354431358,5.140501223932211,0.4973154896916666
F07,2025-08-01,52.10582857204505,5.142552520208788,0.5441387390515493
F07,2025-08-02,52.107715030273894,5.143346376870693,0.48675291912403484
F07,2025-08-03,52.107614727090734,5.142473724915174,0.5106197496191197
F07,2025-08-04,52.106815223705546,5.142128813588721,0.5209282194835242
F07,2025-08-05,52.10791105127096,5.141936654069403,0.47226490952653033
F07,2025-08-06,52.10799289353805,5.143064996095281,0.4896393246124966
F07,2025-08-07,52.1070978126644,5.142200432457367,0.46468773912927325
F07,2025-08-08,52.10578731528169,5.142209490100766,0.4910718989005116
F07,2025-08-09,52.10681285027423,5.140488118545562,0.46993531085838525
F07,2025-08-10,52.10694550198752,5.1437815002251694,0.4577304058012747
F07,2025-08-11,52.10771007504829,5.142360936981402,0.4961651432657861
F07,2025-08-12,52.10718979344127,5.142300978287722,0.4629018393619186
F07,2025-08-13,52.10729161787619,5.144397250680887,0.41619643922166616
F07,2025-08-14,52.10811135594548,5.143377937162836,0.42847882109413016
F07,2025-08-15,52.10664997223047,5.143607081250088,0.4232152315664497
F07,2025-08-16,52.10545598019148,5.142604789375152,0.42264445719156013
F07,2025-08-17,52.107726568562676,5.143597564071191,0.4910326942061889
F07,2025-08-18,52.10781274163307,5.143151973546353,0.42181915115580715
F07,2025-08-19,52.10694713216377,5.1433951188269695,0.3453591599855411
F07,2025-08-20,52.106189996102266,5.14201246559385,0.3862532409174185
F07,2025-08-21,52.10720459181931,5.143030340499852,0.3410362179779539
F07,2025-08-22,52.105317241964286,5.143312289238093,0.3859626392468327
F07,2025-08-23,52.10791558552077,5.142779857619677,0.333474304070278
F07,2025-08-24,52.10951732342614,5.142174207750828,0.36457843939202433
F07,2025-08-25,52.10678176997947,5.142462075951016,0.34313916728370286
F07,2025-08-26,52.10706666953156,5.142528418044177,0.39872787300309975
F07,2025-08-27,52.10573604659825,5.1423105945609064,0.38607343959311535
F07,2025-08-28,52.10704523644708,5.144085714939205,0.39441544912326115
F07,2025-08-29,52.10934510041623,5.144192616754994,0.3818765260920826
F07,2025-08-30,52.10636747811318,5.142161333246517,0.34328866357522436
F07,2025-08-31,52.106983528565344,5.144641701745996,0.40104551463338695
F07,2025-09-01,52.10697743309067,5.141529635366606,0.4442451812993907
F07,2025-09-02,52.1066416800059,5.1436141988589625,0.40020707028070346
F07,2025-09-03,52.10783279741975,5.142656926190652,0.37691511191090477
F07,2025-09-04,52.107826271816414,5.140583970654596,0.34901798866439326
F07,2025-09-05,52.107246686377884,5.143717828278512,0.36718410572403126
F07,2025-09-06,52.1063099938677,5.142020804320647,0.4109752200740884
F07,2025-09-07,52.10527640899009,5.144447038451954,0.432919047100722
F07,2025-09-08,52.10642270316583,5.143098186135005,0.41226721455522636
F07,2025-09-09,52.107746774184335,5.144369210806285,0.4325174617320967
F07,2025-09-10,52.10698895936887,5.142317713063365,0.4341833241844433
F07,2025-09-11,52.10731592479142,5.144141223133685,0.432921309371373
F07,2025-09-12,52.106972684611456,5.1419022737755595,0.40307023622340765
F07,2025-09-13,52.10560209933454,5.141635845472538,0.43345396928575897
F07,2025-09-14,52.10800724864026,5.142536518380837,0.40849431933655234
F07,2025-09-15,52.10653533623293,5.1421411756339594,0.4404595681568957
F07,2025-09-16,52.10722790300306,5.142617687763377,0.4561186100838616
F07,2025-09-17,52.106869724999136,5.144206466784954,0.5030597448188946
F07,2025-09-18,52.10868087342472,5.141247121184234,0.42013719317877163
F07,2025-09-19,52.107470449874,5.142080280758522,0.4808179326584407
F07,2025-09-20,52.106894606028995,5.14316642124227,0.5179446293797998
F07,2025-09-21,52.10693013722592,5.143087602737771,0.5035791830470909
F07,2025-09-22,52.10781582734889,5.143151719657683,0.5132593585947426
F07,2025-09-23,52.106496020838684,5.142227943250173,0.5134893297213319
F07,2025-09-24,52.105703151846235,5.142003222559622,0.5425050991429806
F07,2025-09-25,52.10910492550475,5.142065139283048,0.47871494386601326
F07,2025-09-26,52.10594947833041,5.143177070718988,0.4776116600354654
F07,2025-09-27,52.10703249238356,5.142661549620294,0.526893673716473
F07,2025-09-28,52.108551903109266,5.143406269532702,0.4701651368928487
F08,2025-06-01,52.148341225374914,5.2007590129705825,0.5166002120488958
F08,2025-06-02,52.14888781369872,5.201559182290483,0.5276820245418161
F08,2025-06-03,52.1499512237355,5.1987536065014615,0.5332329445682567
F08,2025-06-04,52.148858013929306,5.200348095291788,0.5824028997380234
F08,2025-06-05,52.1496087001101,5.199903346090382,0.5547005066666879
F08,2025-06-06,52.151612780232696,5.199300755935771,0.517846912261078
F08,2025-06-07,52.150059962857696,5.201419844487373,0.5777794143279785
F08,2025-06-08,52.15027051347546,5.198393397264642,0.5405754698942352
F08,2025-06-09,52.150505389011734,5.198836997142217,0.6595193864215552
F08,2025-06-10,52.15140680752873,5.199177132395002,0.5721572588558816
F08,2025-06-11,52.15296950950774,5.201467375988328,0.6032149046294676
F08,2025-06-12,52.14920338743037,5.200020013805002,0.6225498514437453
F08,2025-06-13,52.15075364428163,5.200783660474227,0.6126475510277689
F08,2025-06-14,52.15044233625998,5.201252159036966,0.6188623883878617
F08,2025-06-15,52.149877031053364,5.199633282331424,0.6462091651318099
F08,2025-06-16,52.14965313601208,5.200858373231973,0.6850502148373842
F08,2025-06-17,52.1503651810403,5.20029128366569,0.6677008283732737
F08,2025-06-18,52.15079523424926,5.197948947592146,0.6941301387274108
F08,2025-06-19,52.15031006882387,5.200218568888874,0.6231484498935691
F08,2025-06-20,52.1516688080813,5.198471412017737,0.6685000359567437
F08,2025-06-21,52.151557186632374,5.2000754091289245,0.6677161522481814
F08,2025-06-22,52.15048898953066,5.201675918787609,0.6773072324535614
F08,2025-06-23,52.150560761268004,5.200400368289463,0.7114029287421407
F08,2025-06-24,52.1502422911858,5.1995165218650055,0.6664502106594082
F08,2025-06-25,52.14997151087549,5.199284487233878,0.6634748950558209
F08,2025-06-26,52.14995543310057,5.197664069302945,0.6938265740321283
F08,2025-06-27,52.15042903956757,5.199878262746217,0.6262232252505177
F08,2025-06-28,52.14966379626333,5.20021975808394,0.6738159940350277
F08,2025-06-29,52.14856643607703,5.201929269996621,0.6778341957656917
F08,2025-06-30,52.149897232538514,5.199854155567028,0.6547716454294354
F08,2025-07-01,52.149034603789865,5.20002394638245,0.7141987025915589
F08,2025-07-02,52.151386959890274,5.201035916209432,0.6503062105814024
F08,2025-07-03,52.150854437751136,5.200546398951667,0.6773665498348372
F08,2025-07-04,52.149641457472434,5.198549836832964,0.6890916490956137
F08,2025-07-05,52.14979896122813,5.199764128535467,0.7193427336715572
F08,2025-07-06,52.15104879443967,5.20030939044246,0.6764571534294974
F08,2025-07-07,52.1516123115279,5.201197488540038,0.7024909968617756
F08,2025-07-08,52.14954350439049,5.19820487080338,0.692661274960106
F08,2025-07-09,52.15138557523394,5.201359385223231,0.6721963460822462
F08,2025-07-10,52.14863378840909,5.201509240019828,0.632277387682869
F08,2025-07-11,52.150382117170594,5.200160685498126,0.6180263370841853
F08,2025-07-12,52.151614783254246,5.201344685173231,0.6600015676680986
F08,2025-07-13,52.150651330951995,5.200473217065812,0.6359216778749576
F08,2025-07-14,52.15061639429053,5.199599942566118,0.6748429627376351
F08,2025-07-15,52.14994489855027,5.199097682845406,0.664383500424118
F08,2025-07-16,52.14966696022426,5.199633366121331,0.6309069320488256
F08,2025-07-17,52.14936469463038,5.200136746502649,0.5958616170763072
F08,2025-07-18,52.1496760191493,5.200502234720352,0.6397894113973488
F08,2025-07-19,52.148377679386705,5.1998866452058925,0.5875468721544188
F08,2025-07-20,52.15013155164018,5.199689370760163,0.5887109067436775
F08,2025-07-21,52.14982760730019,5.198414753989271,0.5752417320496994
F08,2025-07-22,52.150356477104665,5.200647605982567,0.5934275302094353
F08,2025-07-23,52.1504935372942,5.2010387270594425,0.6254652907910839
F08,2025-07-24,52.15020152960578,5.200478681180651,0.5828239897017051
F08,2025-07-25,52.150156090738456,5.200687550719593,0.562153666595486
F08,2025-07-26,52.148422770363865,5.199106419032022,0.5220370810397691
F08,2025-07-27,52.15158689965703,5.197539564177904,0.5766261652143809
F08,2025-07-28,52.14985982207018,5.2011722749596085,0.5288303667965503
F08,2025-07-29,52.149906739334455,5.199594988928549,0.5478930849487567
F08,2025-07-30,52.150129421676816,5.199646879819998,0.5258329722879763
F08,2025-07-31,52.15003084949276,5.19931661896348,0.5536857858225078
F08,2025-08-01,52.15110867441995,5.201423264921066,0.5159153518651298
F08,2025-08-02,52.149866609677886,5.1986135105793085,0.5109897043898995
F08,2025-08-03,52.149476156829685,5.199816011339897,0.5195099867511783
F08,2025-08-04,52.1505055388769,5.1989919867768295,0.5604026765267692
F08,2025-08-05,52.14923083768136,5.200510676137859,0.5162031805424399
F08,2025-08-06,52.15093890883204,5.199378405954829,0.4793666010011308
F08,2025-08-07,52.148666782946044,5.203284118201288,0.47473641894949176
F08,2025-08-08,52.15078330423709,5.199732996238233,0.4516716553226333
F08,2025-08-09,52.150869031275526,5.199875543370286,0.43187592469825525
F08,2025-08-10,52.1508671568891,5.200159393197777,0.43695265195640703
F08,2025-08-11,52.15009127189817,5.199886418131769,0.42375017555016853
F08,2025-08-12,52.148552618666535,5.201938094899393,0.4601337066047461
F08,2025-08-13,52.14905846607973,5.1986399764236895,0.40227114946938525
F08,2025-08-14,52.14978714011724,5.19903852818649,0.4685510549594643
F08,2025-08-15,52.14994828720944,5.200687763848562,0.4455535866274044
F08,2025-08-16,52.150995302900526,5.200814730721622,0.41834992189383385
F08,2025-08-17,52.149694367945216,5.2000495918276615,0.41280697425191615
F08,2025-08-18,52.150407879050896,5.198242212576058,0.39147515508604064
F08,2025-08-19,52.15057058470012,5.198542700712417,0.41203876942911727
F08,2025-08-20,52.1520403465989,5.199595484915358,0.43267998396518514
F08,2025-08-21,52.1498151248228,5.199230292900762,0.3754126867351537
F08,2025-08-22,52.149370029968146,5.202274093569144,0.347354824290646
F08,2025-08-23,52.15094036968862,5.198450797554853,0.4116901586077732
F08,2025-08-24,52.15150421290068,5.201193242275141,0.3979571327513912
F08,2025-08-25,52.14971878753771,5.20030669694203,0.3526548491294911
F08,2025-08-26,52.149985055920574,5.201972579904447,0.3627013265366519
F08,2025-08-27,52.149203709811005,5.200146010609776,0.35778413049274477
F08,2025-08-28,52.149571854669006,5.198566959595382,0.36109061182727176
F08,2025-08-29,52.152191638255054,5.1988184334208976,0.37280258512790276
F08,2025-08-30,52.15022012918749,5.198259299393619,0.37462117695293445
F08,2025-08-31,52.14960092946075,5.200421968821433,0.36361606390369106
F08,2025-09-01,52.1491752660205,5.2005868018507355,0.3613335299063093
F08,2025-09-02,52.14973095890811,5.2011600825123985,0.37856716260492557
F08,2025-09-03,52.15136176091334,5.1994132552392704,0.3922235959362186
F08,2025-09-04,52.15007673285939,5.200183454226472,0.37987110785661127
F08,2025-09-05,52.15061934929543,5.200014381996245,0.42668612554706925
F08,2025-09-06,52.150190210959344,5.199756593525205,0.4101266618095502
F08,2025-09-07,52.15011523986697,5.201297940193536,0.3505001305909799
F08,2025-09-08,52.15064608324121,5.200701255639443,0.4176530622759827
F08,2025-09-09,52.15072307032413,5.199846191222119,0.42418716251848465
F08,2025-09-10,52.15031882704358,5.198914826321665,0.39741092781990023
F08,2025-09-11,52.151268807656315,5.197217039567657,0.3703693500107008
F08,2025-09-12,52.14991285160767,5.201140895977151,0.4205664468635794
F08,2025-09-13,52.14863613206637,5.200399779917617,0.42550500438203703
F08,2025-09-14,52.14931923355342,5.199631196734812,0.39779626635702064
F08,2025-09-15,52.15094594096064,5.200198056925886,0.39390012308035455
F08,2025-09-16,52.147965644132114,5.199023574460268,0.44106609775825106
F08,2025-09-17,52.150975335734884,5.200448942718193,0.44320391483576427
F08,2025-09-18,52.151748135572525,5.201682647594014,0.4444111914501288
F08,2025-09-19,52.14965775486985,5.20250323780507,0.4613703816863047
F08,2025-09-20,52.15002447966985,5.1990373314655915,0.4379242404164824
F08,2025-09-21,52.14936636013409,5.1977432748947106,0.46526913168594364
F08,2025-09-22,52.151607019008246,5.201594761989044,0.5017707462284218
F08,2025-09-23,52.14898449256118,5.199772115711618,0.4828593802547589
F08,2025-09-24,52.15009560754411,5.199039646947858,0.4508958902959415
F08,2025-09-25,52.14824489796873,5.199789642396223,0.4946585205776772
F08,2025-09-26,52.14967892057054,5.199611588759011,0.48458470610936694
F08,2025-09-27,52.1502227160626,5.201429519658526,0.5325977868242826
F08,2025-09-28,52.14969690728031,5.200170442998721,0.5420651221014129
