field_id,timestamp,t_air_c,rad_sw_wm2,rain_mm
F01,2025-06-01,20.07,235.8,0.0
F01,2025-06-02,19.57,205.0,1.29
F01,2025-06-03,20.78,254.4,3.28
F01,2025-06-04,22.09,201.4,4.84
F01,2025-06-05,20.24,244.3,0.49
F01,2025-06-06,20.5,279.5,0.17
F01,2025-06-07,22.93,218.9,0.0
F01,2025-06-08,22.2,230.3,5.1
F01,2025-06-09,20.96,246.6,13.17
F01,2025-06-10,22.41,237.4,5.68
F01,2025-06-11,21.44,219.2,6.99
F01,2025-06-12,21.66,254.3,0.08
F01,2025-06-13,22.73,234.3,3.05
F01,2025-06-14,20.35,267.5,4.42
F01,2025-06-15,20.77,242.0,0.0
F01,2025-06-16,22.36,293.7,0.0
F01,2025-06-17,22.0,249.2,0.0
F01,2025-06-18,23.76,260.5,1.26
F01,2025-06-19,22.45,285.1,0.5
F01,2025-06-20,22.0,246.0,2.9
F01,2025-06-21,25.59,276.8,5.06
F01,2025-06-22,23.68,299.9,1.07
F01,2025-06-23,24.14,242.9,1.77
F01,2025-06-24,22.45,279.9,0.0
F01,2025-06-25,23.59,282.5,7.07
F01,2025-06-26,24.45,293.8,4.03
F01,2025-06-27,23.0,254.1,1.8
F01,2025-06-28,24.87,253.0,0.46
F01,2025-06-29,23.73,290.2,2.22
F01,2025-06-30,24.12,285.9,0.22
F01,2025-07-01,23.75,285.0,0.73
F01,2025-07-02,26.69,286.8,2.75
F01,2025-07-03,24.42,266.0,3.58
F01,2025-07-04,23.13,283.8,3.47
F01,2025-07-05,25.34,284.4,0.08
F01,2025-07-06,22.82,263.4,0.0
F01,2025-07-07,24.46,314.1,0.0
F01,2025-07-08,21.76,285.1,8.8
F01,2025-07-09,22.41,250.6,0.56
F01,2025-07-10,24.13,286.1,1.63
F01,2025-07-11,24.65,251.9,5.16
F01,2025-07-12,23.82,285.5,0.99
F01,2025-07-13,23.33,291.1,4.79
F01,2025-07-14,22.94,249.5,0.91
F01,2025-07-15,21.35,283.1,0.24
F01,2025-07-16,22.08,269.8,11.43
F01,2025-07-17,22.19,275.7,5.85
F01,2025-07-18,23.81,294.7,6.63
F01,2025-07-19,22.74,249.3,0.0
F01,2025-07-20,19.99,236.5,0.1
F01,2025-07-21,22.27,231.1,1.58
F01,2025-07-22,21.18,229.7,0.83
F01,2025-07-23,20.59,241.6,4.55
F01,2025-07-24,21.89,247.0,3.72
F01,2025-07-25,22.14,242.7,7.54
F01,2025-07-26,21.77,250.7,0.57
F01,2025-07-27,19.39,231.3,2.21
F01,2025-07-28,19.76,257.0,6.34
F01,2025-07-29,20.27,219.5,0.48
F01,2025-07-30,20.78,276.0,0.15
F01,2025-07-31,18.77,230.9,7.55
F01,2025-08-01,18.86,198.1,8.91
F01,2025-08-02,17.49,190.7,0.84
F01,2025-08-03,17.12,218.6,1.59
F01,2025-08-04,19.27,201.4,7.01
F01,2025-08-05,19.67,217.1,4.4
F01,2025-08-06,17.71,209.3,0.0
F01,2025-08-07,18.75,195.4,0.0
F01,2025-08-08,17.74,177.0,1.8
F01,2025-08-09,16.3,160.9,5.43
F01,2025-08-10,17.28,179.5,3.16
F01,2025-08-11,18.47,202.9,1.75
F01,2025-08-12,16.37,187.5,0.57
F01,2025-08-13,18.08,155.8,11.02
F01,2025-08-14,12.87,181.9,1.3
F01,2025-08-15,16.81,183.9,5.39
F01,2025-08-16,15.75,156.4,1.18
F01,2025-08-17,15.13,175.2,0.0
F01,2025-08-18,15.44,171.4,2.75
F01,2025-08-19,12.8,145.7,4.27
F01,2025-08-20,14.8,174.2,8.29
F01,2025-08-21,15.37,176.8,1.4
F01,2025-08-22,16.61,186.0,0.89
F01,2025-08-23,14.12,184.3,2.52
F01,2025-08-24,13.7,134.7,0.0
F01,2025-08-25,14.0,142.7,2.45
F01,2025-08-26,15.65,171.2,2.46
F01,2025-08-27,14.9,170.7,1.31
F01,2025-08-28,13.85,170.4,1.45
F01,2025-08-29,15.09,237.1,8.55
F01,2025-08-30,14.6,171.5,2.57
F01,2025-08-31,15.66,183.0,0.82
F01,2025-09-01,13.69,179.7,0.0
F01,2025-09-02,14.18,174.2,3.4
F01,2025-09-03,14.16,155.6,0.0
F01,2025-09-04,12.95,177.9,0.84
F01,2025-09-05,15.14,148.3,1.93
F01,2025-09-06,15.2,160.2,8.78
F01,2025-09-07,15.01,156.6,5.65
F01,2025-09-08,14.84,169.4,2.09
F01,2025-09-09,13.56,215.7,8.37
F01,2025-09-10,14.9,133.8,4.9
F01,2025-09-11,15.15,186.8,0.0
F01,2025-09-12,14.77,142.9,8.08
F01,2025-09-13,15.72,167.9,2.2
F01,2025-09-14,16.59,201.4,0.0
F01,2025-09-15,18.57,183.3,5.42
F01,2025-09-16,16.72,162.9,2.64
F01,2025-09-17,17.04,172.8,1.56
F01,2025-09-18,16.87,203.4,4.52
F01,2025-09-19,14.88,177.9,1.58
F01,2025-09-20,17.39,199.7,2.9
F01,2025-09-21,17.74,199.2,1.27
F01,2025-09-22,20.87,188.3,1.4
F01,2025-09-23,17.94,247.2,0.0
F01,2025-09-24,18.79,220.1,3.21
F01,2025-09-25,18.64,170.0,12.6
F01,2025-09-26,17.55,217.4,0.81
F01,2025-09-27,20.58,203.6,0.0
F01,2025-09-28,20.38,237.0,0.33
F02,2025-06-01,17.9,215.2,9.44
F02,2025-06-02,19.66,239.6,0.0
F02,2025-06-03,20.22,244.2,10.3
F02,2025-06-04,17.67,231.4,0.0
F02,2025-06-05,20.55,214.9,0.0
F02,2025-06-06,20.98,241.4,4.34
F02,2025-06-07,21.8,242.0,0.0
F02,2025-06-08,22.88,253.1,0.36
F02,2025-06-09,22.7,227.1,5.37
F02,2025-06-10,21.17,239.4,1.51
F02,2025-06-11,21.26,260.4,13.46
F02,2025-06-12,23.06,277.9,3.97
F02,2025-06-13,21.93,274.8,0.0
F02,2025-06-14,21.32,259.7,1.89
F02,2025-06-15,25.84,250.7,0.0
F02,2025-06-16,22.81,270.8,3.47
F02,2025-06-17,22.61,243.0,0.5
F02,2025-06-18,20.9,250.6,3.37
F02,2025-06-19,24.71,299.0,9.26
F02,2025-06-20,22.66,278.6,8.91
F02,2025-06-21,24.01,265.3,1.18
F02,2025-06-22,25.26,290.3,4.57
F02,2025-06-23,23.05,300.8,0.74
F02,2025-06-24,24.41,267.3,2.19
F02,2025-06-25,26.22,268.7,0.0
F02,2025-06-26,21.52,267.1,0.0
F02,2025-06-27,23.55,298.1,3.56
F02,2025-06-28,23.49,298.8,0.0
F02,2025-06-29,24.38,307.5,1.88
F02,2025-06-30,24.56,300.1,2.13
F02,2025-07-01,23.35,247.4,3.69
F02,2025-07-02,23.83,285.5,0.0
F02,2025-07-03,23.66,258.4,0.0
F02,2025-07-04,24.13,268.9,5.45
F02,2025-07-05,24.76,281.9,2.14
F02,2025-07-06,25.53,294.4,0.77
F02,2025-07-07,25.62,258.9,0.0
F02,2025-07-08,25.05,229.2,0.63
F02,2025-07-09,23.11,278.0,0.0
F02,2025-07-10,24.04,325.9,5.16
F02,2025-07-11,26.76,267.4,0.0
F02,2025-07-12,24.99,270.7,1.02
F02,2025-07-13,23.09,303.5,4.61
F02,2025-07-14,25.35,277.7,3.74
F02,2025-07-15,22.81,268.1,0.53
F02,2025-07-16,22.29,270.4,3.8
F02,2025-07-17,24.57,264.2,4.62
F02,2025-07-18,21.12,234.0,1.99
F02,2025-07-19,20.18,227.4,3.06
F02,2025-07-20,23.39,289.3,1.05
F02,2025-07-21,22.06,252.5,6.2
F02,2025-07-22,21.95,248.0,1.38
F02,2025-07-23,21.12,241.3,0.0
F02,2025-07-24,21.02,255.8,3.27
F02,2025-07-25,20.51,288.0,0.0
F02,2025-07-26,20.05,244.6,7.05
F02,2025-07-27,20.09,219.3,2.93
F02,2025-07-28,19.79,225.2,0.0
F02,2025-07-29,19.03,246.2,4.85
F02,2025-07-30,19.1,209.9,2.47
F02,2025-07-31,16.49,235.5,4.14
F02,2025-08-01,20.05,168.8,1.73
F02,2025-08-02,19.44,207.5,6.73
F02,2025-08-03,18.6,221.5,0.12
F02,2025-08-04,18.73,231.3,5.11
F02,2025-08-05,18.52,186.5,2.58
F02,2025-08-06,17.07,169.8,0.0
F02,2025-08-07,17.06,191.6,0.0
F02,2025-08-08,18.09,171.5,0.85
F02,2025-08-09,17.47,188.2,0.0
F02,2025-08-10,19.44,188.3,0.0
F02,2025-08-11,18.72,159.4,0.0
F02,2025-08-12,17.68,199.3,1.16
F02,2025-08-13,15.44,177.6,0.0
F02,2025-08-14,15.48,200.0,14.86
F02,2025-08-15,14.77,139.3,0.15
F02,2025-08-16,16.14,153.8,6.41
F02,2025-08-17,12.35,182.5,9.26
F02,2025-08-18,14.93,154.3,0.41
F02,2025-08-19,14.97,165.3,0.26
F02,2025-08-20,13.38,167.0,0.45
F02,2025-08-21,16.05,168.8,1.16
F02,2025-08-22,13.62,150.8,0.69
F02,2025-08-23,15.22,166.2,0.0
F02,2025-08-24,18.16,146.6,2.68
F02,2025-08-25,12.82,175.0,0.68
F02,2025-08-26,14.52,158.6,15.3
F02,2025-08-27,14.17,163.5,5.2
F02,2025-08-28,13.91,211.5,0.71
F02,2025-08-29,15.54,137.9,3.6
F02,2025-08-30,15.96,187.8,3.43
F02,2025-08-31,15.57,107.1,5.95
F02,2025-09-01,13.81,119.1,0.0
F02,2025-09-02,17.64,136.4,0.0
F02,2025-09-03,12.66,138.3,0.0
F02,2025-09-04,13.61,166.8,1.58
F02,2025-09-05,15.14,169.6,0.0
F02,2025-09-06,15.15,159.9,0.46
F02,2025-09-07,15.73,163.3,5.74
F02,2025-09-08,17.17,178.3,3.6
F02,2025-09-09,15.27,186.1,0.72
F02,2025-09-10,15.69,144.7,4.63
F02,2025-09-11,15.0,165.9,3.29
F02,2025-09-12,16.59,173.7,7.69
F02,2025-09-13,15.68,187.0,3.87
F02,2025-09-14,15.87,164.1,1.16
F02,2025-09-15,17.11,180.2,2.03
F02,2025-09-16,17.91,185.1,2.77
F02,2025-09-17,14.23,173.0,0.65
F02,2025-09-18,17.54,175.2,2.17
F02,2025-09-19,17.01,194.5,1.73
F02,2025-09-20,18.71,192.8,3.85
F02,2025-09-21,17.52,208.3,13.53
F02,2025-09-22,19.63,180.2,2.36
F02,2025-09-23,17.51,197.3,8.96
F02,2025-09-24,15.9,202.8,3.69
F02,2025-09-25,20.1,226.8,2.16
F02,2025-09-26,18.09,194.9,0.54
F02,2025-09-27,17.46,221.5,2.18
F02,2025-09-28,19.64,225.1,1.99
F03,2025-06-01,18.93,260.0,1.54
F03,2025-06-02,19.46,221.1,0.0
F03,2025-06-03,20.46,261.9,0.0
F03,2025-06-04,21.0,196.8,7.7
F03,2025-06-05,20.19,221.1,3.51
F03,2025-06-06,20.92,251.7,4.35
F03,2025-06-07,18.89,242.3,2.47
F03,2025-06-08,22.46,252.3,0.01
F03,2025-06-09,23.12,219.5,0.89
F03,2025-06-10,20.02,275.0,0.0
F03,2025-06-11,21.81,265.8,0.0
F03,2025-06-12,21.04,261.0,5.1
F03,2025-06-13,22.52,241.8,0.0
F03,2025-06-14,23.72,264.5,0.0
F03,2025-06-15,24.33,254.6,1.02
F03,2025-06-16,24.68,229.7,1.91
F03,2025-06-17,25.09,263.9,0.0
F03,2025-06-18,23.42,263.8,3.03
F03,2025-06-19,22.47,290.1,2.28
F03,2025-06-20,23.85,225.9,7.57
F03,2025-06-21,24.89,276.9,1.96
F03,2025-06-22,22.78,250.6,3.43
F03,2025-06-23,26.35,281.4,0.09
F03,2025-06-24,25.54,283.7,0.15
F03,2025-06-25,24.3,275.5,0.0
F03,2025-06-26,23.77,294.3,0.11
F03,2025-06-27,23.87,253.9,0.86
F03,2025-06-28,24.81,301.5,6.87
F03,2025-06-29,24.48,265.6,0.0
F03,2025-06-30,25.91,248.8,13.37
F03,2025-07-01,24.36,274.5,3.8
F03,2025-07-02,25.37,238.0,2.94
F03,2025-07-03,24.71,284.7,1.72
F03,2025-07-04,25.03,273.9,1.21
F03,2025-07-05,24.37,303.2,0.33
F03,2025-07-06,25.43,290.7,0.0
F03,2025-07-07,25.37,248.9,0.0
F03,2025-07-08,24.97,258.9,9.39
F03,2025-07-09,25.04,284.8,3.53
F03,2025-07-10,23.06,289.9,9.31
F03,2025-07-11,24.45,295.9,0.29
F03,2025-07-12,25.42,294.0,0.0
F03,2025-07-13,24.35,266.1,1.7
F03,2025-07-14,22.36,273.2,0.0
F03,2025-07-15,23.37,289.8,2.31
F03,2025-07-16,23.69,255.5,0.0
F03,2025-07-17,22.14,266.8,0.0
F03,2025-07-18,21.21,250.2,2.79
F03,2025-07-19,22.25,243.2,9.63
F03,2025-07-20,21.52,252.6,2.95
F03,2025-07-21,22.16,235.1,3.49
F03,2025-07-22,20.03,243.4,1.82
F03,2025-07-23,22.38,222.4,2.1
F03,2025-07-24,20.7,236.4,0.0
F03,2025-07-25,22.4,246.1,0.04
F03,2025-07-26,20.62,222.3,6.81
F03,2025-07-27,20.66,231.2,0.81
F03,2025-07-28,20.23,230.7,6.67
F03,2025-07-29,19.34,233.8,2.02
F03,2025-07-30,22.87,218.9,2.17
F03,2025-07-31,19.05,240.1,0.83
F03,2025-08-01,20.61,173.2,4.12
F03,2025-08-02,17.8,270.9,5.29
F03,2025-08-03,19.3,191.6,0.0
F03,2025-08-04,19.17,213.9,0.0
F03,2025-08-05,18.31,184.1,0.0
F03,2025-08-06,17.41,212.7,3.29
F03,2025-08-07,17.53,202.4,2.84
F03,2025-08-08,17.12,181.0,16.63
F03,2025-08-09,20.25,212.6,1.84
F03,2025-08-10,17.12,185.1,1.33
F03,2025-08-11,17.55,196.7,2.42
F03,2025-08-12,18.85,164.9,2.61
F03,2025-08-13,15.45,180.1,1.14
F03,2025-08-14,16.36,218.5,0.01
F03,2025-08-15,15.8,195.5,1.68
F03,2025-08-16,15.85,180.2,1.57
F03,2025-08-17,15.57,163.1,1.53
F03,2025-08-18,14.75,171.6,4.62
F03,2025-08-19,15.72,172.5,1.63
F03,2025-08-20,14.08,176.0,0.0
F03,2025-08-21,16.43,144.1,0.24
F03,2025-08-22,15.88,177.7,1.11
F03,2025-08-23,14.45,141.4,1.76
F03,2025-08-24,14.43,194.9,3.38
F03,2025-08-25,15.23,146.1,1.78
F03,2025-08-26,13.89,166.8,0.0
F03,2025-08-27,16.98,180.5,0.0
F03,2025-08-28,15.22,155.1,3.66
F03,2025-08-29,15.25,166.8,1.05
F03,2025-08-30,15.6,188.8,2.04
F03,2025-08-31,14.1,171.5,0.77
F03,2025-09-01,16.13,167.7,0.24
F03,2025-09-02,15.01,127.5,0.84
F03,2025-09-03,16.07,143.2,2.07
F03,2025-09-04,14.77,183.7,1.61
F03,2025-09-05,16.67,175.2,5.26
F03,2025-09-06,15.67,179.4,0.0
F03,2025-09-07,17.92,179.0,0.0
F03,2025-09-08,14.98,193.6,1.02
F03,2025-09-09,15.8,164.2,3.42
F03,2025-09-10,14.47,173.6,4.35
F03,2025-09-11,15.23,152.5,0.3
F03,2025-09-12,16.78,149.6,0.35
F03,2025-09-13,17.57,144.4,2.85
F03,2025-09-14,19.96,161.9,1.56
F03,2025-09-15,16.49,213.0,3.58
F03,2025-09-16,15.69,153.4,6.58
F03,2025-09-17,17.94,181.0,1.18
F03,2025-09-18,15.9,163.9,0.55
F03,2025-09-19,18.16,180.5,0.0
F03,2025-09-20,17.12,198.8,0.0
F03,2025-09-21,18.22,184.3,0.0
F03,2025-09-22,19.53,223.1,0.14
F03,2025-09-23,18.34,235.0,5.72
F03,2025-09-24,19.85,162.4,3.99
F03,2025-09-25,20.03,196.9,0.46
F03,2025-09-26,17.01,214.9,13.48
F03,2025-09-27,18.43,239.4,0.25
F03,2025-09-28,17.9,210.9,7.19
F04,2025-06-01,21.8,236.6,0.04
F04,2025-06-02,18.76,223.0,1.13
F04,2025-06-03,20.53,252.6,0.58
F04,2025-06-04,20.82,251.8,6.31
F04,2025-06-05,23.04,219.6,1.93
F04,2025-06-06,20.95,254.6,0.0
F04,2025-06-07,21.59,252.3,11.13
F04,2025-06-08,22.02,186.2,5.93
F04,2025-06-09,21.43,260.6,1.79
F04,2025-06-10,21.25,238.8,4.78
F04,2025-06-11,24.0,232.5,0.19
F04,2025-06-12,21.49,236.1,5.67
F04,2025-06-13,21.29,252.8,0.77
F04,2025-06-14,23.91,267.6,0.63
F04,2025-06-15,24.68,233.1,0.0
F04,2025-06-16,22.94,266.5,2.97
F04,2025-06-17,23.14,276.4,1.67
F04,2025-06-18,24.17,304.1,7.87
F04,2025-06-19,23.14,247.3,0.0
F04,2025-06-20,23.2,263.6,2.99
F04,2025-06-21,25.33,277.5,6.53
F04,2025-06-22,25.13,296.7,2.18
F04,2025-06-23,26.09,269.0,0.73
F04,2025-06-24,23.11,300.2,2.1
F04,2025-06-25,24.09,238.5,7.29
F04,2025-06-26,25.11,253.1,7.29
F04,2025-06-27,23.72,285.8,1.28
F04,2025-06-28,25.64,251.2,7.16
F04,2025-06-29,26.37,256.3,1.54
F04,2025-06-30,24.22,269.4,4.73
F04,2025-07-01,24.97,295.4,3.45
F04,2025-07-02,26.66,242.0,0.65
F04,2025-07-03,27.05,283.0,0.0
F04,2025-07-04,25.75,299.8,6.7
F04,2025-07-05,25.51,274.6,8.58
F04,2025-07-06,23.71,270.3,2.9
F04,2025-07-07,25.09,284.8,1.53
F04,2025-07-08,25.23,271.8,0.0
F04,2025-07-09,24.21,302.2,6.53
F04,2025-07-10,23.63,250.8,2.47
F04,2025-07-11,22.67,270.4,0.94
F04,2025-07-12,21.98,273.8,4.87
F04,2025-07-13,21.58,260.3,0.0
F04,2025-07-14,24.45,208.5,0.0
F04,2025-07-15,23.75,260.6,0.13
F04,2025-07-16,22.81,279.6,3.32
F04,2025-07-17,22.8,274.8,2.13
F04,2025-07-18,23.24,263.9,3.81
F04,2025-07-19,22.58,232.3,6.09
F04,2025-07-20,20.95,259.5,3.97
F04,2025-07-21,23.42,237.4,11.33
F04,2025-07-22,22.46,253.1,6.08
F04,2025-07-23,22.17,245.6,1.28
F04,2025-07-24,22.61,220.7,0.37
F04,2025-07-25,20.38,219.3,1.36
F04,2025-07-26,22.56,241.2,4.13
F04,2025-07-27,20.68,226.6,0.56
F04,2025-07-28,21.65,211.1,4.26
F04,2025-07-29,21.2,206.3,3.73
F04,2025-07-30,18.81,215.5,0.0
F04,2025-07-31,20.4,249.8,5.97
F04,2025-08-01,19.92,204.7,2.77
F04,2025-08-02,19.3,211.8,10.85
F04,2025-08-03,18.89,211.0,1.55
F04,2025-08-04,18.65,183.3,0.84
F04,2025-08-05,19.47,167.6,0.0
F04,2025-08-06,18.94,179.3,0.0
F04,2025-08-07,18.03,201.8,5.26
F04,2025-08-08,15.97,195.7,9.9
F04,2025-08-09,18.11,205.2,1.32
F04,2025-08-10,18.16,190.3,1.16
F04,2025-08-11,19.83,183.6,1.8
F04,2025-08-12,18.15,171.1,6.38
F04,2025-08-13,14.38,198.5,0.0
F04,2025-08-14,16.55,160.0,2.32
F04,2025-08-15,18.45,154.0,5.39
F04,2025-08-16,16.85,185.4,3.27
F04,2025-08-17,16.33,145.5,3.99
F04,2025-08-18,16.86,218.6,3.3
F04,2025-08-19,14.89,170.2,7.63
F04,2025-08-20,16.08,174.0,9.2
F04,2025-08-21,15.09,149.4,7.27
F04,2025-08-22,15.26,158.0,1.82
F04,2025-08-23,16.19,154.7,0.0
F04,2025-08-24,14.0,151.5,1.14
F04,2025-08-25,16.6,174.2,1.72
F04,2025-08-26,14.49,151.9,9.79
F04,2025-08-27,15.27,180.8,0.03
F04,2025-08-28,13.26,213.4,0.0
F04,2025-08-29,15.79,154.1,0.58
F04,2025-08-30,16.66,163.1,0.11
F04,2025-08-31,14.33,167.8,0.0
F04,2025-09-01,13.65,196.9,1.37
F04,2025-09-02,15.36,159.5,1.84
F04,2025-09-03,16.83,145.3,0.0
F04,2025-09-04,13.41,137.4,0.83
F04,2025-09-05,13.91,162.6,0.01
F04,2025-09-06,14.79,156.0,1.93
F04,2025-09-07,14.46,206.5,2.24
F04,2025-09-08,14.59,203.2,0.01
F04,2025-09-09,13.2,148.7,5.91
F04,2025-09-10,16.56,157.0,1.66
F04,2025-09-11,16.42,174.6,0.08
F04,2025-09-12,14.15,203.1,0.0
F04,2025-09-13,18.11,178.4,2.42
F04,2025-09-14,18.57,166.6,3.3
F04,2025-09-15,15.86,180.8,0.47
F04,2025-09-16,18.36,171.9,2.03
F04,2025-09-17,16.49,199.1,9.2
F04,2025-09-18,17.62,175.6,5.0
F04,2025-09-19,16.63,182.3,0.0
F04,2025-09-20,20.53,218.6,0.06
F04,2025-09-21,17.76,183.0,1.25
F04,2025-09-22,18.52,172.4,1.82
F04,2025-09-23,17.79,206.2,2.1
F04,2025-09-24,21.11,200.2,3.04
F04,2025-09-25,21.4,220.8,1.33
F04,2025-09-26,21.36,220.0,1.65
F04,2025-09-27,20.81,216.2,5.27
F04,2025-09-28,19.18,218.8,2.49
F05,2025-06-01,18.7,177.3,3.73
F05,2025-06-02,20.47,285.9,6.62
F05,2025-06-03,20.56,247.4,1.6
F05,2025-06-04,20.61,233.9,3.67
F05,2025-06-05,20.97,231.5,0.35
F05,2025-06-06,19.12,241.4,0.0
F05,2025-06-07,20.97,249.1,0.53
F05,2025-06-08,21.99,254.6,8.13
F05,2025-06-09,22.32,255.7,3.75
F05,2025-06-10,21.13,249.2,0.0
F05,2025-06-11,24.11,246.3,3.96
F05,2025-06-12,21.78,249.9,0.0
F05,2025-06-13,24.2,251.6,2.8
F05,2025-06-14,23.76,280.7,0.0
F05,2025-06-15,22.67,272.3,0.0
F05,2025-06-16,25.76,203.9,9.42
F05,2025-06-17,22.38,278.0,0.79
F05,2025-06-18,25.09,270.8,3.67
F05,2025-06-19,25.34,268.4,1.72
F05,2025-06-20,23.49,262.8,0.0
F05,2025-06-21,26.1,294.7,1.01
F05,2025-06-22,24.25,292.7,0.0
F05,2025-06-23,25.01,259.6,15.83
F05,2025-06-24,25.07,284.4,4.46
F05,2025-06-25,24.69,257.8,1.66
F05,2025-06-26,25.89,250.5,3.45
F05,2025-06-27,25.93,266.3,4.15
F05,2025-06-28,22.92,296.6,4.17
F05,2025-06-29,26.62,298.8,3.97
F05,2025-06-30,23.08,290.2,3.63
F05,2025-07-01,26.31,294.5,1.89
F05,2025-07-02,26.42,290.2,8.77
F05,2025-07-03,23.73,266.7,2.09
F05,2025-07-04,24.51,287.8,1.74
F05,2025-07-05,23.62,294.5,2.11
F05,2025-07-06,24.63,292.8,2.34
F05,2025-07-07,24.44,300.5,0.0
F05,2025-07-08,25.65,289.8,0.0
F05,2025-07-09,26.18,281.4,1.32
F05,2025-07-10,26.17,294.4,0.0
F05,2025-07-11,23.69,270.9,1.66
F05,2025-07-12,23.97,252.1,2.3
F05,2025-07-13,22.04,264.6,0.0
F05,2025-07-14,22.93,251.0,0.23
F05,2025-07-15,24.88,250.3,7.07
F05,2025-07-16,25.48,258.7,3.49
F05,2025-07-17,21.86,243.4,3.25
F05,2025-07-18,22.43,250.6,6.26
F05,2025-07-19,22.9,216.4,0.0
F05,2025-07-20,23.04,255.9,0.0
F05,2025-07-21,21.51,248.9,5.45
F05,2025-07-22,22.75,229.7,1.39
F05,2025-07-23,21.44,256.3,0.0
F05,2025-07-24,21.74,258.9,0.0
F05,2025-07-25,22.16,205.0,2.15
F05,2025-07-26,21.26,218.9,1.1
F05,2025-07-27,20.47,215.6,0.72
F05,2025-07-28,20.6,209.1,0.0
F05,2025-07-29,20.36,241.3,8.66
F05,2025-07-30,19.76,217.7,0.0
F05,2025-07-31,19.63,213.1,0.92
F05,2025-08-01,21.6,175.2,0.58
F05,2025-08-02,20.09,224.8,3.61
F05,2025-08-03,18.8,184.2,0.0
F05,2025-08-04,19.73,207.1,3.12
F05,2025-08-05,18.24,208.4,2.17
F05,2025-08-06,19.8,227.0,0.15
F05,2025-08-07,18.59,170.7,2.98
F05,2025-08-08,17.78,133.6,1.65
F05,2025-08-09,18.21,194.8,10.6
F05,2025-08-10,15.56,224.4,1.1
F05,2025-08-11,15.87,210.5,0.0
F05,2025-08-12,15.58,187.4,3.16
F05,2025-08-13,16.98,170.9,0.82
F05,2025-08-14,18.69,194.6,1.6
F05,2025-08-15,19.1,156.7,0.0
F05,2025-08-16,17.02,183.6,3.68
F05,2025-08-17,16.69,182.2,0.5
F05,2025-08-18,13.77,191.5,2.42
F05,2025-08-19,15.14,223.8,12.98
F05,2025-08-20,14.71,174.9,0.97
F05,2025-08-21,14.8,155.4,4.28
F05,2025-08-22,15.24,163.8,1.13
F05,2025-08-23,14.78,127.9,0.18
F05,2025-08-24,12.89,148.4,7.31
F05,2025-08-25,16.1,153.3,5.55
F05,2025-08-26,13.86,150.4,0.0
F05,2025-08-27,15.4,163.5,4.97
F05,2025-08-28,17.57,143.7,1.64
F05,2025-08-29,13.97,182.4,0.0
F05,2025-08-30,12.04,160.1,0.62
F05,2025-08-31,14.75,160.1,4.03
F05,2025-09-01,16.45,154.1,11.95
F05,2025-09-02,17.52,164.3,0.0
F05,2025-09-03,13.76,178.4,0.0
F05,2025-09-04,15.9,145.4,0.0
F05,2025-09-05,14.83,150.6,1.11
F05,2025-09-06,15.36,158.9,5.12
F05,2025-09-07,18.77,139.4,0.0
F05,2025-09-08,13.92,151.4,1.57
F05,2025-09-09,16.16,159.9,4.95
F05,2025-09-10,16.57,188.7,0.59
F05,2025-09-11,17.47,178.3,2.2
F05,2025-09-12,16.45,179.0,6.8
F05,2025-09-13,16.89,194.3,0.0
F05,2025-09-14,16.24,176.8,0.0
F05,2025-09-15,17.23,189.8,2.6
F05,2025-09-16,16.7,182.4,2.7
F05,2025-09-17,18.08,192.4,0.46
F05,2025-09-18,17.11,178.1,0.13
F05,2025-09-19,18.24,143.8,1.7
F05,2025-09-20,17.99,192.7,0.0
F05,2025-09-21,19.62,226.8,0.0
F05,2025-09-22,18.46,219.8,4.0
F05,2025-09-23,16.64,223.7,0.0
F05,2025-09-24,20.54,232.1,0.0
F05,2025-09-25,18.2,212.3,0.13
F05,2025-09-26,18.76,217.6,0.51
F05,2025-09-27,19.1,204.5,3.12
F05,2025-09-28,21.72,213.7,0.26
F06,2025-06-01,21.93,234.5,0.1
F06,2025-06-02,19.77,205.9,5.62
F06,2025-06-03,21.03,260.2,12.88
F06,2025-06-04,23.18,230.3,11.11
F06,2025-06-05,21.73,227.5,2.85
F06,2025-06-06,22.11,229.1,1.61
F06,2025-06-07,21.1,206.2,0.0
F06,2025-06-08,22.71,239.5,1.85
F06,2025-06-09,22.4,254.5,0.0
F06,2025-06-10,20.61,239.7,0.62
F06,2025-06-11,23.7,258.6,4.81
F06,2025-06-12,24.13,235.6,1.0
F06,2025-06-13,24.15,252.7,0.85
F06,2025-06-14,23.43,264.4,1.46
F06,2025-06-15,22.45,264.2,17.94
F06,2025-06-16,21.01,230.6,0.0
F06,2025-06-17,24.15,256.1,2.47
F06,2025-06-18,25.43,300.5,10.25
F06,2025-06-19,25.49,259.0,1.45
F06,2025-06-20,25.42,270.9,6.73
F06,2025-06-21,24.49,270.5,0.0
F06,2025-06-22,26.01,305.1,1.07
F06,2025-06-23,25.92,300.9,0.0
F06,2025-06-24,24.4,292.4,1.43
F06,2025-06-25,25.81,257.8,1.48
F06,2025-06-26,24.43,285.3,1.77
F06,2025-06-27,25.78,290.2,4.76
F06,2025-06-28,23.61,265.4,0.0
F06,2025-06-29,23.74,262.3,0.25
F06,2025-06-30,26.49,314.1,2.24
F06,2025-07-01,26.35,274.0,0.0
F06,2025-07-02,25.97,312.2,3.74
F06,2025-07-03,25.3,299.5,0.22
F06,2025-07-04,22.28,287.3,1.12
F06,2025-07-05,25.01,287.5,5.0
F06,2025-07-06,25.58,249.7,7.03
F06,2025-07-07,24.31,280.9,3.88
F06,2025-07-08,24.01,304.0,0.0
F06,2025-07-09,26.49,288.0,3.66
F06,2025-07-10,24.57,276.1,3.95
F06,2025-07-11,25.06,305.7,3.1
F06,2025-07-12,25.3,266.0,8.15
F06,2025-07-13,23.01,255.5,1.84
F06,2025-07-14,24.28,269.0,7.86
F06,2025-07-15,25.46,279.1,7.82
F06,2025-07-16,25.87,227.2,4.08
F06,2025-07-17,23.54,264.9,2.52
F06,2025-07-18,23.01,273.0,3.12
F06,2025-07-19,23.4,248.8,9.82
F06,2025-07-20,23.15,273.7,5.89
F06,2025-07-21,24.29,261.7,0.0
F06,2025-07-22,21.2,288.9,2.88
F06,2025-07-23,21.82,228.1,0.0
F06,2025-07-24,20.57,256.8,0.17
F06,2025-07-25,20.44,216.8,0.7
F06,2025-07-26,21.85,201.8,0.0
F06,2025-07-27,22.12,190.3,0.0
F06,2025-07-28,20.1,238.7,8.57
F06,2025-07-29,21.55,228.4,0.16
F06,2025-07-30,21.69,212.0,4.79
F06,2025-07-31,22.41,182.9,2.11
F06,2025-08-01,19.91,201.4,3.47
F06,2025-08-02,18.8,212.2,3.65
F06,2025-08-03,18.1,224.8,0.0
F06,2025-08-04,17.73,205.5,4.76
F06,2025-08-05,20.29,207.9,0.0
F06,2025-08-06,16.72,192.3,0.1
F06,2025-08-07,19.76,231.8,3.59
F06,2025-08-08,17.01,173.6,0.0
F06,2025-08-09,17.0,177.2,0.0
F06,2025-08-10,17.41,178.6,2.7
F06,2025-08-11,16.53,196.6,0.0
F06,2025-08-12,18.28,162.4,4.0
F06,2025-08-13,19.13,183.5,0.84
F06,2025-08-14,15.97,181.7,2.65
F06,2025-08-15,16.06,162.3,2.59
F06,2025-08-16,16.2,180.7,4.34
F06,2025-08-17,16.88,152.0,3.71
F06,2025-08-18,15.9,147.9,0.0
F06,2025-08-19,17.6,170.6,0.98
F06,2025-08-20,17.19,133.8,2.65
F06,2025-08-21,14.27,122.7,8.0
F06,2025-08-22,16.21,175.0,3.75
F06,2025-08-23,17.32,184.2,7.36
F06,2025-08-24,14.82,153.0,2.84
F06,2025-08-25,15.0,148.1,5.99
F06,2025-08-26,14.66,181.0,2.36
F06,2025-08-27,14.65,137.5,0.74
F06,2025-08-28,13.23,132.9,8.87
F06,2025-08-29,13.63,174.2,3.26
F06,2025-08-30,15.32,160.2,0.0
F06,2025-08-31,17.06,181.6,2.77
F06,2025-09-01,14.54,117.8,3.77
F06,2025-09-02,14.55,133.2,4.94
F06,2025-09-03,17.42,162.2,11.77
F06,2025-09-04,14.12,171.1,0.43
F06,2025-09-05,13.55,180.7,11.84
F06,2025-09-06,14.64,168.4,1.61
F06,2025-09-07,14.95,169.6,0.03
F06,2025-09-08,13.78,160.0,0.47
F06,2025-09-09,15.86,201.2,3.51
F06,2025-09-10,17.29,149.1,0.0
F06,2025-09-11,14.77,180.3,0.77
F06,2025-09-12,16.59,155.4,2.68
F06,2025-09-13,17.14,188.0,8.8
F06,2025-09-14,16.76,158.8,4.79
F06,2025-09-15,17.28,196.9,1.72
F06,2025-09-16,17.5,186.7,3.49
F06,2025-09-17,16.51,222.0,2.33
F06,2025-09-18,19.5,184.2,0.0
F06,2025-09-19,19.43,201.0,10.23
F06,2025-09-20,19.6,179.8,8.93
F06,2025-09-21,19.64,192.6,1.4
F06,2025-09-22,16.78,203.4,0.53
F06,2025-09-23,20.03,173.8,0.0
F06,2025-09-24,19.96,179.1,3.76
F06,2025-09-25,17.59,222.5,3.78
F06,2025-09-26,19.44,210.8,0.0
F06,2025-09-27,20.29,205.0,2.37
F06,2025-09-28,22.22,205.3,4.63
F07,2025-06-01,19.76,212.3,5.95
F07,2025-06-02,20.4,230.8,0.49
F07,2025-06-03,20.65,229.1,0.0
F07,2025-06-04,20.27,186.9,0.0
F07,2025-06-05,21.21,247.9,0.0
F07,2025-06-06,19.82,240.0,0.34
F07,2025-06-07,21.34,248.9,0.0
F07,2025-06-08,21.84,320.2,0.0
F07,2025-06-09,22.12,202.9,2.66
F07,2025-06-10,22.37,281.9,11.79
F07,2025-06-11,22.82,244.5,0.0
F07,2025-06-12,23.69,258.7,0.82
F07,2025-06-13,24.38,254.6,9.99
F07,2025-06-14,22.76,249.5,3.26
F07,2025-06-15,22.3,249.0,2.42
F07,2025-06-16,22.68,269.3,0.0
F07,2025-06-17,23.53,234.5,1.04
F07,2025-06-18,23.86,281.9,0.21
F07,2025-06-19,23.52,260.5,2.9
F07,2025-06-20,23.04,248.0,2.99
F07,2025-06-21,24.18,263.2,0.51
F07,2025-06-22,25.07,298.9,0.87
F07,2025-06-23,25.68,264.3,6.36
F07,2025-06-24,24.39,283.4,7.1
F07,2025-06-25,24.65,262.6,0.68
F07,2025-06-26,24.11,293.3,0.74
F07,2025-06-27,25.24,292.5,0.0
F07,2025-06-28,24.3,316.3,0.87
F07,2025-06-29,26.04,276.2,1.64
F07,2025-06-30,23.23,293.3,2.72
F07,2025-07-01,24.94,282.0,0.95
F07,2025-07-02,25.73,305.8,7.61
F07,2025-07-03,25.56,265.2,7.98
F07,2025-07-04,28.53,294.0,12.06
F07,2025-07-05,25.67,274.6,2.71
F07,2025-07-06,23.98,276.4,0.85
F07,2025-07-07,24.99,278.6,2.44
F07,2025-07-08,22.88,280.7,1.0
F07,2025-07-09,24.81,272.1,6.4
F07,2025-07-10,23.79,277.3,3.89
F07,2025-07-11,25.76,303.0,0.49
F07,2025-07-12,23.86,289.4,3.97
F07,2025-07-13,24.22,285.3,0.0
F07,2025-07-14,23.44,256.8,8.49
F07,2025-07-15,26.11,246.0,0.11
F07,2025-07-16,23.45,280.7,7.47
F07,2025-07-17,25.84,276.8,0.49
F07,2025-07-18,24.42,286.2,1.81
F07,2025-07-19,23.81,242.2,0.77
F07,2025-07-20,23.45,247.0,3.05
F07,2025-07-21,23.25,216.1,0.0
F07,2025-07-22,20.23,238.2,0.0
F07,2025-07-23,21.97,263.1,6.95
F07,2025-07-24,23.07,230.9,8.42
F07,2025-07-25,21.75,250.0,0.48
F07,2025-07-26,19.87,230.3,0.0
F07,2025-07-27,21.23,237.5,1.02
F07,2025-07-28,23.08,204.9,0.0
F07,2025-07-29,22.27,226.5,2.69
F07,2025-07-30,20.43,161.8,0.69
F07,2025-07-31,21.38,214.7,0.43
F07,2025-08-01,19.54,182.6,0.27
F07,2025-08-02,17.67,236.2,1.31
F07,2025-08-03,18.35,224.5,0.72
F07,2025-08-04,21.07,215.2,1.38
F07,2025-08-05,18.61,233.2,0.13
F07,2025-08-06,18.4,180.8,5.54
F07,2025-08-07,18.09,231.8,2.69
F07,2025-08-08,20.49,212.6,1.4
F07,2025-08-09,19.92,186.4,0.0
F07,2025-08-10,20.41,211.1,5.18
F07,2025-08-11,17.33,163.6,0.21
F07,2025-08-12,17.66,166.7,1.8
F07,2025-08-13,15.29,168.6,0.27
F07,2025-08-14,18.68,167.8,3.89
F07,2025-08-15,15.32,155.1,0.24
F07,2025-08-16,16.81,198.6,3.99
F07,2025-08-17,15.07,166.9,0.0
F07,2025-08-18,15.52,177.3,0.0
F07,2025-08-19,15.08,157.2,0.13
F07,2025-08-20,15.23,130.6,2.37
F07,2025-08-21,15.19,171.0,0.0
F07,2025-08-22,15.08,126.1,1.15
F07,2025-08-23,16.64,161.9,1.15
F07,2025-08-24,14.24,134.9,9.81
F07,2025-08-25,15.77,201.2,0.0
F07,2025-08-26,16.91,179.1,8.9
F07,2025-08-27,14.79,162.5,0.0
F07,2025-08-28,14.52,185.4,3.35
F07,2025-08-29,15.1,143.1,0.79
F07,2025-08-30,16.79,170.9,0.5
F07,2025-08-31,15.63,164.3,0.0
F07,2025-09-01,14.79,165.9,3.33
F07,2025-09-02,16.05,186.6,5.37
F07,2025-09-03,14.21,176.5,3.19
F07,2025-09-04,16.42,168.5,0.1
F07,2025-09-05,16.18,130.7,0.68
F07,2025-09-06,15.42,145.8,1.07
F07,2025-09-07,14.89,163.8,3.68
F07,2025-09-08,14.96,169.6,6.13
F07,2025-09-09,16.8,146.8,0.89
F07,2025-09-10,17.78,219.4,0.0
F07,2025-09-11,15.7,203.4,0.0
F07,2025-09-12,17.19,187.2,0.0
F07,2025-09-13,14.31,178.7,5.15
F07,2025-09-14,16.3,175.3,3.43
F07,2025-09-15,17.17,162.9,3.93
F07,2025-09-16,16.32,186.0,0.06
F07,2025-09-17,16.51,192.2,0.53
F07,2025-09-18,17.05,164.9,4.98
F07,2025-09-19,18.44,199.2,9.28
F07,2025-09-20,18.1,192.3,5.1
F07,2025-09-21,15.88,160.2,5.1
F07,2025-09-22,16.27,184.1,0.0
F07,2025-09-23,18.34,196.1,3.74
F07,2025-09-24,19.88,245.2,0.0
F07,2025-09-25,16.29,221.7,5.89
F07,2025-09-26,19.25,187.0,2.62
F07,2025-09-27,19.48,226.6,0.88
F07,2025-09-28,22.04,189.1,0.0
F08,2025-06-01,20.14,174.9,3.45
F08,2025-06-02,20.76,199.6,1.8
F08,2025-06-03,20.83,230.7,13.01
F08,2025-06-04,20.93,209.9,3.65
F08,2025-06-05,21.66,230.8,0.46
F08,2025-06-06,21.5,242.4,4.63
F08,2025-06-07,23.81,235.1,0.0
F08,2025-06-08,19.68,231.8,1.95
F08,2025-06-09,21.92,219.6,2.6
F08,2025-06-10,21.77,247.9,1.98
F08,2025-06-11,23.31,208.9,0.0
F08,2025-06-12,23.36,239.2,1.9
F08,2025-06-13,25.43,237.0,0.0
F08,2025-06-14,26.04,253.2,10.34
F08,2025-06-15,22.97,256.2,1.92
F08,2025-06-16,24.08,281.9,3.29
F08,2025-06-17,24.5,296.5,0.0
F08,2025-06-18,23.48,244.6,0.32
F08,2025-06-19,25.35,308.7,3.75
F08,2025-06-20,24.45,255.0,5.72
F08,2025-06-21,23.6,275.7,0.0
F08,2025-06-22,24.67,283.9,3.27
F08,2025-06-23,23.91,323.9,0.74
F08,2025-06-24,26.45,265.4,0.0
F08,2025-06-25,27.58,241.3,0.26
F08,2025-06-26,25.66,307.9,5.92
F08,2025-06-27,25.56,262.2,6.6
F08,2025-06-28,25.66,272.1,2.47
F08,2025-06-29,26.92,257.4,2.07
F08,2025-06-30,26.91,272.8,0.71
F08,2025-07-01,25.39,263.2,2.88
F08,2025-07-02,25.82,293.4,0.0
F08,2025-07-03,26.27,281.2,7.6
F08,2025-07-04,24.09,265.5,0.0
F08,2025-07-05,26.85,298.4,6.28
F08,2025-07-06,27.42,282.8,0.0
F08,2025-07-07,26.65,239.8,17.41
F08,2025-07-08,23.67,294.1,0.0
F08,2025-07-09,22.69,278.1,6.62
F08,2025-07-10,25.79,300.8,0.22
F08,2025-07-11,23.9,273.9,3.72
F08,2025-07-12,25.01,253.9,10.4
F08,2025-07-13,26.36,263.8,0.93
F08,2025-07-14,23.56,282.0,16.12
F08,2025-07-15,23.72,248.4,10.64
F08,2025-07-16,24.32,252.8,0.0
F08,2025-07-17,22.24,254.8,1.6
F08,2025-07-18,22.68,233.8,1.01
F08,2025-07-19,23.41,239.1,1.78
F08,2025-07-20,22.8,255.0,0.72
F08,2025-07-21,23.66,272.9,0.0
F08,2025-07-22,26.01,252.4,1.43
F08,2025-07-23,22.57,242.2,3.58
F08,2025-07-24,21.2,223.6,5.19
F08,2025-07-25,23.66,259.1,2.15
F08,2025-07-26,19.8,242.8,8.84
F08,2025-07-27,19.78,216.9,0.56
F08,2025-07-28,20.47,245.9,0.31
F08,2025-07-29,20.58,235.9,0.0
F08,2025-07-30,19.91,205.3,3.35
F08,2025-07-31,20.36,216.4,0.0
F08,2025-08-01,20.46,205.4,0.06
F08,2025-08-02,21.15,264.8,2.2
F08,2025-08-03,19.72,219.6,0.0
F08,2025-08-04,18.67,209.6,1.87
F08,2025-08-05,20.31,212.3,7.41
F08,2025-08-06,17.86,227.4,6.5
F08,2025-08-07,16.64,195.2,1.31
F08,2025-08-08,19.8,182.2,5.51
F08,2025-08-09,19.49,208.0,3.18
F08,2025-08-10,16.94,184.9,2.2
F08,2025-08-11,17.19,164.4,3.87
F08,2025-08-12,16.36,157.9,0.71
F08,2025-08-13,17.65,211.3,0.9
F08,2025-08-14,19.14,181.1,3.07
F08,2025-08-15,17.72,164.4,1.6
F08,2025-08-16,17.94,169.4,6.32
F08,2025-08-17,17.52,188.3,4.5
F08,2025-08-18,16.38,164.4,4.47
F08,2025-08-19,17.54,139.6,3.5
F08,2025-08-20,17.0,173.5,2.16
F08,2025-08-21,17.72,189.8,4.35
F08,2025-08-22,15.34,187.2,5.8
F08,2025-08-23,13.71,152.1,2.82
F08,2025-08-24,16.97,187.7,0.0
F08,2025-08-25,16.07,165.8,1.66
F08,2025-08-26,15.24,185.7,0.0
F08,2025-08-27,15.27,171.9,7.12
F08,2025-08-28,18.6,129.7,4.37
F08,2025-08-29,14.75,194.9,0.0
F08,2025-08-30,14.5,161.1,0.19
F08,2025-08-31,15.65,171.8,7.43
F08,2025-09-01,16.99,133.8,0.11
F08,2025-09-02,18.36,171.3,0.0
F08,2025-09-03,16.47,183.9,0.0
F08,2025-09-04,14.23,201.5,0.87
F08,2025-09-05,18.2,191.8,0.53
F08,2025-09-06,15.91,176.0,0.68
F08,2025-09-07,15.04,135.4,4.16
F08,2025-09-08,14.88,170.4,0.32
F08,2025-09-09,17.31,157.6,2.97
F08,2025-09-10,16.74,175.9,0.0
F08,2025-09-11,17.03,148.8,6.77
F08,2025-09-12,18.33,170.9,0.0
F08,2025-09-13,16.0,167.0,1.68
F08,2025-09-14,18.8,168.6,1.26
F08,2025-09-15,16.73,171.2,2.67
F08,2025-09-16,20.16,181.8,4.61
F08,2025-09-17,18.5,192.8,0.58
F08,2025-09-18,16.9,139.8,4.75
F08,2025-09-19,15.81,145.0,6.32
F08,2025-09-20,19.45,188.6,1.07
F08,2025-09-21,18.27,194.4,10.61
F08,2025-09-22,18.78,205.1,2.67
F08,2025-09-23,20.14,189.8,0.77
F08,2025-09-24,20.69,207.6,1.86
F08,2025-09-25,21.2,213.1,10.61
F08,2025-09-26,18.59,199.0,2.81
F08,2025-09-27,21.97,237.1,2.8
F08,2025-09-28,19.83,223.5,3.16
